path,url,robots,canonical,adsense,in_sitemap,visible_words,h1_count,status,priority,confidence,evidence,next_action
blog-ar-instrumentos-qualidade-ponto-orvalho.html,https://www.alogy.com.br/blog-ar-instrumentos-qualidade-ponto-orvalho.html,"index,follow",https://www.alogy.com.br/blog-ar-instrumentos-qualidade-ponto-orvalho.html,true,true,951,1,improve,P0,high,"Artigo monetizado e indexável menciona ISO 8573-1, mas não identifica edição, classes aplicáveis, fonte ou exemplo de seleção; não apresenta pontos de medição, diagnóstico estruturado, limites, tabela própria ou experiência verificável; a calculadora ligada trata consumo, não qualidade do ar.","Manter indexado; citar fonte primária e edição confirmada, explicar classes sem prescrever valor universal, incluir exemplo de ponto de orvalho e diagnóstico, melhorar a relação com a ferramenta e submeter à revisão técnica."
blog-autonomia-cilindro-gas.html,https://www.alogy.com.br/blog-autonomia-cilindro-gas.html,"noindex,nofollow,noarchive",https://www.alogy.com.br/blog-autonomia-cilindro-gas.html,false,false,121,1,unclassified,,,,classify
blog-bateria-ups-24vcc.html,https://www.alogy.com.br/blog-bateria-ups-24vcc.html,"noindex,nofollow,noarchive",https://www.alogy.com.br/blog-bateria-ups-24vcc.html,false,false,123,1,unclassified,,,,classify
blog-bomba-dosadora-quimica.html,https://www.alogy.com.br/blog-bomba-dosadora-quimica.html,"index,follow",https://www.alogy.com.br/blog-bomba-dosadora-quimica.html,true,true,825,1,manual-review,P0,high,"Combina balanço de massa, exemplo numérico correto, instalação, contrapressão, calibração volumétrica, diagnóstico e teste de comando, com referências de fabricantes e avisos fortes. Porém recomendações sobre sucção, alívio, antissifão, escorva e calibração podem envolver produtos corrosivos, tóxicos, oxidantes ou reativos; a autoria é apenas organizacional.","Manter inalterado e indexado por enquanto; exigir especialista em sistemas de dosagem e segurança química para validar cálculos, limites, referências e linguagem operacional antes de qualquer edição, sem alterar fórmulas ou procedimentos automaticamente."
blog-cabo-profibus-rs485.html,https://www.alogy.com.br/blog-cabo-profibus-rs485.html,"noindex,nofollow,noarchive",https://www.alogy.com.br/blog-cabo-profibus-rs485.html,false,false,125,1,unclassified,,,,classify
blog-calibracao-analisadores-processo.html,https://www.alogy.com.br/blog-calibracao-analisadores-processo.html,"index,follow",https://www.alogy.com.br/blog-calibracao-analisadores-processo.html,true,true,870,1,keep,P1,high,"Artigo monetizado e indexável é substancial e específico: diferencia verificação, calibração, ajuste e manutenção; separa sensor, transmissor, saída e amostragem; registra as-found, limpeza e as-left; inclui exemplos diagnósticos e referências de fabricantes e do BIPM. A autoria permanece apenas organizacional.","Manter indexado; preservar método, exemplos e limitações, validar periodicamente manuais e links e adicionar autoria ou revisão técnica pessoal confirmada na F6."
blog-calibracao-balanca-industrial.html,https://www.alogy.com.br/blog-calibracao-balanca-industrial.html,"noindex,nofollow,noarchive",https://www.alogy.com.br/blog-calibracao-balanca-industrial.html,false,false,117,1,unclassified,,,,classify
blog-calibracao-cartao-analogico-clp.html,https://www.alogy.com.br/blog-calibracao-cartao-analogico-clp.html,"index,follow",https://www.alogy.com.br/blog-calibracao-cartao-analogico-clp.html,true,true,604,1,keep,P1,high,"Distingue teste de canal, teste de malha e teste funcional; apresenta fórmula para conversão entre valor bruto e unidade de engenharia, exemplo numérico e ressalva de que a escala depende do fabricante e do módulo. Usa fonte oficial da Siemens; a autoria permanece apenas organizacional.","Manter indexado; preservar fórmula, exemplo e ressalvas, validar periodicamente a documentação dos módulos citados e adicionar autoria ou revisão técnica pessoal confirmada na F6."
blog-calibracao-conversor-ip-pi.html,https://www.alogy.com.br/blog-calibracao-conversor-ip-pi.html,"index,follow",https://www.alogy.com.br/blog-calibracao-conversor-ip-pi.html,true,true,567,1,keep,P1,high,"Define as relações 4–20 mA e 3–15 psi, apresenta fórmula de erro em porcentagem do span, exemplo numérico, sequência crescente e decrescente, preparação pneumática e causas que não devem ser confundidas com calibração. Há referência de fabricante; a autoria permanece apenas organizacional.","Manter indexado; preservar método, exemplo e limites, validar periodicamente a fonte e as faixas dos modelos citados e adicionar autoria ou revisão técnica pessoal confirmada na F6."
blog-calibracao-indicador-controlador.html,https://www.alogy.com.br/blog-calibracao-indicador-controlador.html,"noindex,nofollow,noarchive",https://www.alogy.com.br/blog-calibracao-indicador-controlador.html,false,false,119,1,unclassified,,,,classify
blog-calibracao-instrumentos-industriais.html,https://www.alogy.com.br/blog-calibracao-instrumentos-industriais.html,"index,follow",https://www.alogy.com.br/blog-calibracao-instrumentos-industriais.html,true,true,1286,1,improve,P0,high,"A página funciona como introdução e hub, mas permanece genérica: não traz exemplo completo, critérios de decisão, tratamento de incerteza, registros as-found e as-left nem referências primárias identificadas. O CTA é promocional e a autoria é apenas organizacional.","Manter indexado e aprofundar na fase editorial com exemplo estruturado, terminologia metrológica validada, cadeia de rastreabilidade, limites de incerteza e decisão, fontes primárias, links para artigos específicos e revisão técnica pessoal confirmada."
blog-calibracao-manometro.html,https://www.alogy.com.br/blog-calibracao-manometro.html,"index,follow",https://www.alogy.com.br/blog-calibracao-manometro.html,true,true,633,1,keep,P1,high,"Apresenta cálculo de erro máximo permissível pela classe, exemplo numérico, leituras em subida e descida, histerese, procedimento e ressalva de que conformidade depende de todos os pontos e da incerteza. Cita WIKA, Ashcroft e BIPM; a autoria permanece apenas organizacional.","Manter indexado; preservar cálculo, exemplo e ressalvas, validar periodicamente referências e critérios aplicáveis e adicionar autoria ou revisão técnica pessoal confirmada na F6."
blog-calibracao-phmetro.html,https://www.alogy.com.br/blog-calibracao-phmetro.html,"index,follow",https://www.alogy.com.br/blog-calibracao-phmetro.html,true,true,818,1,keep,P1,high,"Diferencia limpeza, verificação, calibração e ajuste; trata seleção e temperatura dos buffers, slope e offset, apresenta exemplo numérico e sequência as-found, limpeza e as-left. Usa três referências de fabricantes e explicita limites; a autoria permanece apenas organizacional.","Manter indexado; preservar método, exemplo e limitações, validar periodicamente manuais e links e adicionar autoria ou revisão técnica pessoal confirmada na F6."
blog-calibracao-totalizador-vazao.html,https://www.alogy.com.br/blog-calibracao-totalizador-vazao.html,"index,follow",https://www.alogy.com.br/blog-calibracao-totalizador-vazao.html,true,true,608,1,keep,P1,high,"Separa vazão instantânea de totalização, explicita unidades e K-factor, apresenta fórmulas, exemplo numérico, repetibilidade e diagnóstico da cadeia de pulsos. Há referência de fabricante e limites para medições críticas; a autoria permanece apenas organizacional.","Manter indexado; preservar cálculos, unidades, diagnóstico e ressalvas, validar periodicamente a referência e adicionar autoria ou revisão técnica pessoal confirmada na F6."
blog-calibracao-transmissor-dp-vazao.html,https://www.alogy.com.br/blog-calibracao-transmissor-dp-vazao.html,"index,follow",https://www.alogy.com.br/blog-calibracao-transmissor-dp-vazao.html,true,true,586,1,keep,P1,high,"Explica a relação quadrática entre vazão e DP, identifica onde a raiz quadrada deve estar configurada, traz tabela e exemplo e separa DP aplicado de erro da saída. Delimita efeitos da instalação e cita Yokogawa e Emerson; a autoria permanece apenas organizacional.","Manter indexado; preservar tabela, exemplo, fronteira do teste e limitações de instalação, validar periodicamente as fontes e adicionar autoria ou revisão técnica pessoal confirmada na F6."
blog-calibracao-transmissor-nivel-dp.html,https://www.alogy.com.br/blog-calibracao-transmissor-nivel-dp.html,"index,follow",https://www.alogy.com.br/blog-calibracao-transmissor-nivel-dp.html,true,true,661,1,keep,P1,high,"Trata LRV, URV, span, elevação de zero, tanque aberto e fechado, pernas seca e molhada e selos remotos; inclui exemplo que separa DP aplicado de erro da saída e ressalva sobre densidade. Cita Emerson e BIPM; a autoria permanece apenas organizacional.","Manter indexado; preservar exemplo, configurações de instalação e limites do cálculo, validar periodicamente as referências e adicionar autoria ou revisão técnica pessoal confirmada na F6."
blog-calibracao-transmissor-pressao.html,https://www.alogy.com.br/blog-calibracao-transmissor-pressao.html,"index,follow",https://www.alogy.com.br/blog-calibracao-transmissor-pressao.html,true,true,733,1,keep,P1,high,"Define a fronteira entre teste do transmissor e teste de malha, diferencia tipos de pressão, apresenta sequência, fórmula, exemplo numérico, checklist e necessidade de regra de decisão e incerteza. Cita Fluke e BIPM; a autoria permanece apenas organizacional.","Manter indexado; preservar método, exemplo, checklist e limites metrológicos, validar periodicamente as referências e adicionar autoria ou revisão técnica pessoal confirmada na F6."
blog-calibracao-transmissor-temperatura.html,https://www.alogy.com.br/blog-calibracao-transmissor-temperatura.html,"index,follow",https://www.alogy.com.br/blog-calibracao-transmissor-temperatura.html,true,true,725,1,keep,P1,high,"Distingue eletrônica, sensor e conjunto completo; trata RTD, termopar, ligações e junta fria, compara simulação elétrica com fonte térmica e apresenta fórmula, exemplo, regra de decisão, checklist e referências da Fluke. A autoria permanece apenas organizacional.","Manter indexado; preservar fronteiras do teste, exemplo e limitações, validar periodicamente as referências e adicionar autoria ou revisão técnica pessoal confirmada na F6."
blog-calibracao-valvula-controle.html,https://www.alogy.com.br/blog-calibracao-valvula-controle.html,"index,follow",https://www.alogy.com.br/blog-calibracao-valvula-controle.html,true,true,509,1,improve,P0,high,"Traz pontos 4–20 mA, exemplo de desvio, subida e descida, possíveis causas de histerese, sinal 3–15 psi e alertas de segurança. Porém é curto, não possui referências externas primárias e não separa completamente comando, curso da haste, feedback, posicionador, repetibilidade, banda morta e stiction; a autoria é apenas organizacional.","Manter indexado e aprofundar na fase editorial com método de teste delimitado, terminologia e registros de resultado, fontes primárias de fabricantes e revisão técnica pessoal confirmada; preservar as travas de segurança para intervenção no processo."
blog-cavitacao-valvula-controle.html,https://www.alogy.com.br/blog-cavitacao-valvula-controle.html,"index,follow",https://www.alogy.com.br/blog-cavitacao-valvula-controle.html,true,true,593,1,keep,P1,high,"Distingue cavitação de flashing, lista dados e extremos operacionais necessários, delimita a triagem da seleção final, descreve sinais de campo e medidas de engenharia e cita o Control Valve Handbook e demonstração da Emerson/Fisher. A autoria permanece apenas organizacional.","Manter indexado; preservar distinções, limites e referências, validar periodicamente documentos e links e adicionar autoria ou revisão técnica pessoal confirmada na F6."
blog-celula-carga-tanque.html,https://www.alogy.com.br/blog-celula-carga-tanque.html,"noindex,nofollow,noarchive",https://www.alogy.com.br/blog-celula-carga-tanque.html,false,false,125,1,unclassified,,,,classify
blog-comissionamento-hart.html,https://www.alogy.com.br/blog-comissionamento-hart.html,"index,follow",https://www.alogy.com.br/blog-comissionamento-hart.html,true,true,564,1,keep,P1,high,"Distingue os canais analógico e digital, organiza checklist de identificação, faixa, damping e diagnóstico, compara variável HART, corrente medida, cartão e escala do sistema e inclui exemplo numérico e diferença entre sensor trim e output trim. Cita a FieldComm Group; a autoria permanece apenas organizacional.","Manter indexado; preservar o método de quatro comparações, exemplo e limites de alteração, validar periodicamente a referência e adicionar autoria ou revisão técnica pessoal confirmada na F6."
blog-comunicacao-hart-falhas-cabo-resistencia.html,https://www.alogy.com.br/blog-comunicacao-hart-falhas-cabo-resistencia.html,"index,follow",https://www.alogy.com.br/blog-comunicacao-hart-falhas-cabo-resistencia.html,true,true,931,1,keep,P1,high,"Apresenta orçamento de tensão com fórmula e exemplo, delimita o uso de 250 ohms, trata capacitância, cabo, barreiras, ruído e ponto de conexão e fornece sequência diagnóstica e tabela de sintomas. Usa manuais da Emerson e FieldComm Group e contém ressalvas para área classificada e malhas críticas; a autoria permanece apenas organizacional.","Manter indexado; preservar cálculos, limites específicos de manual e travas de segurança, validar periodicamente documentos e links e adicionar autoria ou revisão técnica pessoal confirmada na F6."
blog-condutividade-tds.html,https://www.alogy.com.br/blog-condutividade-tds.html,"index,follow",https://www.alogy.com.br/blog-condutividade-tds.html,true,true,650,1,keep,P1,high,"Distingue condutividade medida e compensada, trata constante de célula e seleção do sensor, evita conversão universal de TDS e apresenta dois exemplos numéricos, procedimento de campo, diagnóstico e quatro referências de fabricantes. A autoria permanece apenas organizacional.","Manter indexado; preservar exemplos, limites e referências, validar periodicamente documentos e links e adicionar autoria ou revisão técnica pessoal confirmada na F6."
blog-conexoes-pneumaticas-instrumentacao.html,https://www.alogy.com.br/blog-conexoes-pneumaticas-instrumentacao.html,"index,follow",https://www.alogy.com.br/blog-conexoes-pneumaticas-instrumentacao.html,true,true,464,1,merge,P0,high,"O texto cobre perda localizada, comprimento equivalente, engates, filtros, reguladores e sintomas, mas não apresenta fonte, exemplo ou método quantitativo. Há sobreposição extensa com blog-dimensionamento-tubo-pneumatico-instrumentacao.html em acessórios, perda de pressão, atraso, instalação e diagnóstico; os trechos únicos cabem como seções do guia principal.","Manter indexado e inalterado até decisão editorial; propor consolidação no guia de dimensionamento preservando engates rápidos, filtros, reguladores e sinais de problema, sem aplicar redirecionamento ou remoção nesta fase."
blog-consumo-energia-resistencia-aquecimento.html,https://www.alogy.com.br/blog-consumo-energia-resistencia-aquecimento.html,"noindex,nofollow,noarchive",https://www.alogy.com.br/blog-consumo-energia-resistencia-aquecimento.html,false,false,124,1,unclassified,,,,classify
blog-corrente-neutro-trifasico.html,https://www.alogy.com.br/blog-corrente-neutro-trifasico.html,"noindex,nofollow,noarchive",https://www.alogy.com.br/blog-corrente-neutro-trifasico.html,false,false,124,1,unclassified,,,,classify
blog-corrente-partida-motor.html,https://www.alogy.com.br/blog-corrente-partida-motor.html,"noindex,nofollow,noarchive",https://www.alogy.com.br/blog-corrente-partida-motor.html,false,false,128,1,unclassified,,,,classify
blog-criticidade-instrumentos.html,https://www.alogy.com.br/blog-criticidade-instrumentos.html,"index,follow",https://www.alogy.com.br/blog-criticidade-instrumentos.html,true,true,681,1,improve,P0,high,"Diferencia consequência de preferência, classifica a função antes do equipamento, lista critérios, usos na manutenção, risco de inflação da matriz e evidências de apoio. Porém não possui fontes externas, matriz exemplificada, faixas de pontuação, validação ou processo de aprovação reproduzível; a autoria é apenas organizacional.","Manter indexado; adicionar exemplo de matriz não confidencial com justificativa, governança e revisão periódica, fontes primárias confirmadas e revisão técnica pessoal, sem prescrever criticidade de segurança por regra genérica."
blog-cv-gases-valvula-controle.html,https://www.alogy.com.br/blog-cv-gases-valvula-controle.html,"index,follow",https://www.alogy.com.br/blog-cv-gases-valvula-controle.html,true,true,611,1,manual-review,P0,high,"O texto introduz compressibilidade, fluxo crítico, dados mínimos, ruído e risco de superdimensionamento, mas é curto e não oferece exemplo reproduzível, método de cálculo ou link direto a fonte primária. Dimensionamento de válvulas para gases pode afetar seleção, ruído e segurança; a menção à IEC 60534 não identifica edição nem documento verificável e a autoria é apenas organizacional.","Manter inalterado e indexado por enquanto; exigir especialista em dimensionamento de válvulas para validar método, referências vigentes, limites e exemplo antes de qualquer edição, além de revisão pessoal confirmada."
blog-desequilibrio-tensao-motor.html,https://www.alogy.com.br/blog-desequilibrio-tensao-motor.html,"noindex,nofollow,noarchive",https://www.alogy.com.br/blog-desequilibrio-tensao-motor.html,false,false,122,1,unclassified,,,,classify
blog-diametro-cilindro-pneumatico.html,https://www.alogy.com.br/blog-diametro-cilindro-pneumatico.html,"noindex,nofollow,noarchive",https://www.alogy.com.br/blog-diametro-cilindro-pneumatico.html,false,false,122,1,unclassified,,,,classify
blog-dimensionamento-tubo-pneumatico-instrumentacao.html,https://www.alogy.com.br/blog-dimensionamento-tubo-pneumatico-instrumentacao.html,"index,follow",https://www.alogy.com.br/blog-dimensionamento-tubo-pneumatico-instrumentacao.html,true,true,567,1,manual-review,P0,high,"O artigo lista variáveis, vazão normal, velocidade, comprimento equivalente e práticas, mas não oferece fontes, curvas de fabricante, método reproduzível ou exemplo numérico. Menciona atuadores rápidos e shutdown, onde diâmetro e resposta podem ter função de segurança; a autoria permanece apenas organizacional.","Manter inalterado e indexado por enquanto; exigir especialista em pneumática e segurança de máquinas/processo para validar escopo, dados de fabricante, método e exemplo antes de qualquer edição, e só então decidir a consolidação do artigo de conexões."
blog-dosagem-cloro-livre.html,https://www.alogy.com.br/blog-dosagem-cloro-livre.html,"index,follow",https://www.alogy.com.br/blog-dosagem-cloro-livre.html,true,true,662,1,keep,P1,high,"Diferencia dose, demanda, residual livre e cloro total, trata influência de pH e método DPD, inclui cálculo completo de carga e vazão de produto e delimita atrasos, intertravamentos e condições seguras da automação. Cita quatro materiais da Hach e não prescreve setpoint; a autoria permanece organizacional.","Manter indexado; preservar cálculo, distinções analíticas e travas de segurança, validar periodicamente as fontes e adicionar autoria ou revisão técnica pessoal confirmada na F6."
blog-dp-nivel-tanque-fechado.html,https://www.alogy.com.br/blog-dp-nivel-tanque-fechado.html,"index,follow",https://www.alogy.com.br/blog-dp-nivel-tanque-fechado.html,true,true,548,1,keep,P1,high,"Explica cancelamento da pressão do vapor, perna seca e molhada, dados de range, LRV/URV, elevação ou supressão de zero, falhas e diagnóstico. Traz referências de fabricante, limites claros e integração útil com ferramentas; a autoria permanece organizacional.","Manter indexado; preservar o escopo e as fórmulas das ferramentas relacionadas, revalidar periodicamente as referências e adicionar revisão técnica pessoal somente após confirmação das credenciais."
blog-economia-inversor-bomba-ventilador.html,https://www.alogy.com.br/blog-economia-inversor-bomba-ventilador.html,"noindex,nofollow,noarchive",https://www.alogy.com.br/blog-economia-inversor-bomba-ventilador.html,false,false,123,1,unclassified,,,,classify
blog-emissividade-termografia.html,https://www.alogy.com.br/blog-emissividade-termografia.html,"index,follow",https://www.alogy.com.br/blog-emissividade-termografia.html,true,true,572,1,keep,P1,high,"Explica radiação emitida, refletida, atmosfera e resolução espacial, diferencia triagem qualitativa de medição quantitativa, inclui procedimento, exemplo diagnóstico, erros comuns e alertas elétricos. Cita documentação da FLIR e Fluke; a autoria permanece apenas organizacional.","Manter indexado; preservar exemplo, parâmetros, limites e travas de segurança, validar periodicamente as referências e adicionar autoria ou revisão técnica pessoal confirmada na F6."
blog-erro-total-malha-instrumentacao.html,https://www.alogy.com.br/blog-erro-total-malha-instrumentacao.html,"index,follow",https://www.alogy.com.br/blog-erro-total-malha-instrumentacao.html,true,true,507,1,improve,P0,high,"Define contribuições da malha, apresenta soma conservadora e RSS e distingue erro total de incerteza formal. Porém não cita fontes externas, o exemplo converte apenas uma contribuição e não conclui os resultados RSS e conservador, e as condições de independência e correlação precisam de fundamentação técnica; a autoria é apenas organizacional.","Manter indexado; completar editorialmente o exemplo sem alterar as fórmulas existentes, explicitar premissas e correlação, adicionar referências metrológicas primárias e regra de decisão e exigir revisão técnica pessoal confirmada."
blog-fat-sat-instrumentacao.html,https://www.alogy.com.br/blog-fat-sat-instrumentacao.html,"index,follow",https://www.alogy.com.br/blog-fat-sat-instrumentacao.html,true,true,613,1,improve,P0,high,"Distingue FAT de SAT, estrutura matriz com requisito, método, critério, evidência e responsáveis e cobre TAGs, malhas, válvulas, redes e pendências. Porém não possui fontes externas, caso completo de teste ou exemplo de aceite e evidência; temas de segurança e área classificada ficam genéricos e a autoria é apenas organizacional.","Manter indexado; aprofundar com caso de teste reproduzível e não confidencial, critérios e evidências verificáveis, fontes primárias confirmadas e revisão técnica pessoal, sem prescrever normas ou critérios não validados."
blog-gemeo-digital-instrumentacao.html,https://www.alogy.com.br/blog-gemeo-digital-instrumentacao.html,"index,follow",https://www.alogy.com.br/blog-gemeo-digital-instrumentacao.html,true,true,564,1,improve,P0,high,"Explica representação digital, relaciona sensores, transmissores, CLP, SCADA e qualidade de dados e oferece uma lista de preparação. Porém não possui fontes externas, arquitetura ou exemplo reproduzível, usa somente autoria organizacional e repete parte substancial da narrativa do artigo sobre IA.","Manter indexado; diferenciar o escopo com um caso-modelo não confidencial, critérios de qualidade e linhagem de dados, limitações, fontes primárias confirmadas e revisão técnica pessoal, sem prometer capacidades que não estejam demonstradas."
blog-gemeo-digital-tags-instrumentacao.html,https://www.alogy.com.br/blog-gemeo-digital-tags-instrumentacao.html,"index,follow",https://www.alogy.com.br/blog-gemeo-digital-tags-instrumentacao.html,true,true,506,1,improve,P0,high,"Artigo monetizado e indexável com definição e checklist genéricos; não mostra arquitetura, linhagem do dado, critério de qualidade, exemplo de TAG, reconciliação entre sistemas, validação do modelo, fontes ou experiência verificável; autoria apenas organizacional.","Manter indexado; adicionar exemplo técnico reproduzível e não confidencial, tabela de qualidade e proveniência das TAGs, critérios de aceitação, limites, fontes primárias e revisão técnica."
blog-grau-protecao-ip-nema.html,https://www.alogy.com.br/blog-grau-protecao-ip-nema.html,"noindex,nofollow,noarchive",https://www.alogy.com.br/blog-grau-protecao-ip-nema.html,false,false,127,1,unclassified,,,,classify
blog-histerese-pressostato-termostato.html,https://www.alogy.com.br/blog-histerese-pressostato-termostato.html,"index,follow",https://www.alogy.com.br/blog-histerese-pressostato-termostato.html,true,true,474,1,manual-review,P0,high,"O roteiro diferencia setpoint, reset, direção, diferencial e repetibilidade e alerta que o contato não valida toda a cadeia. Contudo não possui fontes primárias, exemplo reproduzível ou critérios específicos e orienta testes ligados a alarmes, intertravamentos e proteção; a autoria permanece organizacional.","Manter inalterado e indexado por enquanto; exigir revisão de especialista em instrumentação e segurança funcional, manuais de fabricante e fontes confirmadas antes de qualquer edição ou recomendação de critério."
blog-ia-na-industria.html,https://www.alogy.com.br/blog-ia-na-industria.html,"index,follow",https://www.alogy.com.br/blog-ia-na-industria.html,true,true,656,1,improve,P0,high,"Apresenta aplicações em manutenção, qualidade e produção, além de etapas de preparação dos dados e valorização da equipe humana. Contudo não cita fontes, métricas, conjunto de dados, validação de modelo ou exemplo aplicado; usa autoria organizacional, repete conceitos do artigo de gêmeo digital e faz alegações amplas de benefício e serviços.","Manter indexado; delimitar casos de uso e critérios de validação, acrescentar exemplo não confidencial com métricas e limitações, fontes primárias e revisão técnica pessoal, e confirmar que benefícios e serviços atribuídos à ALOGY refletem atuação real e autorizada como importadora e revendedora, não fabricante."
blog-indice-polarizacao-dar.html,https://www.alogy.com.br/blog-indice-polarizacao-dar.html,"noindex,nofollow,noarchive",https://www.alogy.com.br/blog-indice-polarizacao-dar.html,false,false,127,1,unclassified,,,,classify
blog-inspecao-instrumentos-area-classificada.html,https://www.alogy.com.br/blog-inspecao-instrumentos-area-classificada.html,"index,follow",https://www.alogy.com.br/blog-inspecao-instrumentos-area-classificada.html,true,true,418,1,improve,P0,high,"Artigo monetizado e indexável tem checklist útil, mas aborda área classificada de forma geral, cita a série IEC 60079 sem parte, edição, adoção aplicável ou fonte identificada e não delimita inspeção visual, apurada ou detalhada por tipo de proteção; autoria apenas organizacional e links relacionados pouco específicos.","Manter indexado; qualquer ampliação exige revisão de profissional competente, fontes normativas e documentação oficial confirmadas, escopo por método de proteção e tipo de inspeção, limites claros e troca de links relacionados por materiais realmente pertinentes."
blog-instrumentacao-industrial.html,https://www.alogy.com.br/blog-instrumentacao-industrial.html,"index,follow",https://www.alogy.com.br/blog-instrumentacao-industrial.html,true,true,1152,1,improve,P0,high,"O artigo funciona como hub amplo sobre variáveis, sensores, transmissores, 4–20 mA, malha de controle e documentação. Contudo é genérico, não possui fontes externas nem exemplo técnico aprofundado, termina com forte promoção de serviços e usa somente autoria organizacional.","Manter indexado; reforçar o papel de hub com fontes e links para conteúdos já classificados como fortes, incluir exemplo não confidencial e revisão pessoal, e confirmar que todas as alegações de serviços da ALOGY refletem atuação real e autorizada."
blog-k-factor-vazao-pulsos.html,https://www.alogy.com.br/blog-k-factor-vazao-pulsos.html,"index,follow",https://www.alogy.com.br/blog-k-factor-vazao-pulsos.html,true,true,506,1,keep,P1,high,"Explica as relações N/K e f/K com unidades coerentes, exemplo numérico correto, limites de faixa e frequência, falhas de integração, roteiro de campo, aviso técnico e referências de fabricantes. O escopo é distinto e complementa a ferramenta relacionada; a autoria permanece organizacional.","Manter indexado e preservar fórmulas e exemplos; em revisão futura, confirmar periodicamente os links e documentos dos fabricantes e adicionar revisão técnica pessoal somente após credenciais autorizadas."
blog-linha-impulso-transmissor-dp.html,https://www.alogy.com.br/blog-linha-impulso-transmissor-dp.html,"index,follow",https://www.alogy.com.br/blog-linha-impulso-transmissor-dp.html,true,true,1092,1,manual-review,P0,high,"Conteúdo detalhado sobre gás, líquido e vapor, coluna hidrostática, manifold, purga, sintomas e inspeção, com exemplo coerente, referências de fabricantes e alertas de segurança. Porém orientações sobre roteamento, equalização, vent, dreno e purga podem afetar vapor, fluidos perigosos e alta pressão; a autoria é apenas organizacional.","Manter inalterado e indexado por enquanto; exigir revisão de especialista competente antes de qualquer edição, validando referências vigentes, limites por serviço e linguagem de segurança, sem alterar fórmula ou transformar orientações gerais em sequência operacional."
blog-lopa-simplificada.html,https://www.alogy.com.br/blog-lopa-simplificada.html,"index,follow",https://www.alogy.com.br/blog-lopa-simplificada.html,true,true,569,1,manual-review,P0,high,"Artigo monetizado e indexável delimita bem uma LOPA simplificada e alerta sobre independência e dupla contagem, mas usa exemplo de frequência/PFD sem fontes primárias identificadas, não apresenta autoria/revisão pessoal e trata disciplina de segurança de processo que não deve receber alteração automática.","Manter sem alteração automática; exigir revisão de especialista, fontes normativas e corporativas confirmadas, escopo didático inequívoco e decisão humana antes de ampliar ou monetizar o conteúdo."
blog-manutencao-preditiva-instrumentacao-sensores.html,https://www.alogy.com.br/blog-manutencao-preditiva-instrumentacao-sensores.html,"index,follow",https://www.alogy.com.br/blog-manutencao-preditiva-instrumentacao-sensores.html,true,true,527,1,improve,P0,high,"Artigo monetizado e indexável, com abordagem introdutória e estrutura genérica; autoria apenas organizacional; não apresenta caso, série temporal, critério de baseline, frequência de amostragem, exemplo diagnóstico, referências identificadas ou experiência verificável.","Manter indexado; aprofundar com fluxo sensor-dado-decisão, exemplo anonimizado ou fictício claramente rotulado, critérios de qualidade e limites, referências primárias e revisão técnica humana."
blog-massa-tanque-nivel.html,https://www.alogy.com.br/blog-massa-tanque-nivel.html,"index,follow",https://www.alogy.com.br/blog-massa-tanque-nivel.html,true,true,584,1,improve,P0,high,"Artigo monetizado e indexável já diferencia geometria e densidade, mas permanece sem fórmula e exemplo numérico completos, critérios para tabela de arqueação, incerteza, compensação de densidade ou rastreabilidade metrológica; não apresenta fontes identificadas nem autoria/revisão pessoal.","Manter indexado; adicionar exemplo claramente educativo com unidades, separar estimativa operacional de inventário fiscal/comercial, explicar limites por geometria e condição do produto, ligar a ferramentas pertinentes, citar referências técnicas e submeter à revisão de processo/instrumentação."
blog-modbus-polling.html,https://www.alogy.com.br/blog-modbus-polling.html,"noindex,nofollow,noarchive",https://www.alogy.com.br/blog-modbus-polling.html,false,false,125,1,unclassified,,,,classify
blog-neutralizacao-ph-industrial.html,https://www.alogy.com.br/blog-neutralizacao-ph-industrial.html,"index,follow",https://www.alogy.com.br/blog-neutralizacao-ph-industrial.html,true,true,645,1,keep,P1,high,"Explica por que diferença de pH não equivale a carga química, apresenta escala por titulação com fórmula e exemplo, separa batelada e processo contínuo e trata mistura, atraso, sensor, controle, intertravamentos e diagnóstico. Delimita riscos químicos e cita material da Emerson; a autoria permanece apenas organizacional.","Manter indexado; preservar exemplo, fronteiras de aplicação e alertas químicos, validar periodicamente a referência e adicionar autoria ou revisão técnica pessoal confirmada na F6."
blog-nova-nr10-2026.html,https://www.alogy.com.br/blog-nova-nr10-2026.html,"index,follow",https://www.alogy.com.br/blog-nova-nr10-2026.html,true,true,689,1,manual-review,P0,high,"Apresenta a Portaria MTE nº 737/2026, o prazo de transição e mudanças relevantes. Porém o texto não deixa inequívoco que a redação anterior permanece vigente até 31/05/2027 e a nova entra em vigor em 01/06/2027, não registra a retificação oficial de 24/06/2026, usa fonte secundária para o ato normativo, resume obrigações sem referência item a item e divulga amplo apoio técnico da ALOGY sem comprovação registrada; a autoria é apenas organizacional.","Manter inalterado e indexado por enquanto; exigir revisão jurídica e de especialista em segurança elétrica, substituir a fonte secundária pelos atos oficiais, explicitar vigência e retificação, validar cada alegação por item e confirmar os serviços efetivamente autorizados da ALOGY antes de qualquer edição."
blog-ocupacao-eletroduto-cabos.html,https://www.alogy.com.br/blog-ocupacao-eletroduto-cabos.html,"noindex,nofollow,noarchive",https://www.alogy.com.br/blog-ocupacao-eletroduto-cabos.html,false,false,119,1,unclassified,,,,classify
blog-orp-mv-controle.html,https://www.alogy.com.br/blog-orp-mv-controle.html,"index,follow",https://www.alogy.com.br/blog-orp-mv-controle.html,true,true,700,1,keep,P1,high,"Artigo monetizado e indexável traz explicação específica, diagnóstico por comportamento, exemplos delimitados, aviso contra conversão direta para concentração e referências de fabricantes; a autoria continua organizacional, sem revisão pessoal visível.",Manter indexado e preservar o escopo atual; incluir autoria/revisão confirmada na fase de confiança e revalidar periodicamente os links de referência e manuais citados.
blog-ot-cybersecurity-instrumentacao.html,https://www.alogy.com.br/blog-ot-cybersecurity-instrumentacao.html,"index,follow",https://www.alogy.com.br/blog-ot-cybersecurity-instrumentacao.html,true,true,654,1,improve,P0,high,"Artigo monetizado e indexável sobre tema sensível, porém genérico; recomenda inventário, segmentação, backup e controle de acesso sem citar IEC 62443, NIST SP 800-82, CISA ou outra fonte primária; não define limites, arquitetura, ameaças ou responsabilidade; autoria apenas organizacional.","Manter indexado; exigir fontes oficiais atuais, escopo defensivo, modelo de zonas e conduítes ou exemplo seguro, limitações e revisão especializada antes de qualquer edição técnica."
blog-partida-estrela-triangulo-corrente.html,https://www.alogy.com.br/blog-partida-estrela-triangulo-corrente.html,"noindex,nofollow,noarchive",https://www.alogy.com.br/blog-partida-estrela-triangulo-corrente.html,false,false,118,1,unclassified,,,,classify
blog-perda-carga-ar-comprimido.html,https://www.alogy.com.br/blog-perda-carga-ar-comprimido.html,"noindex,nofollow,noarchive",https://www.alogy.com.br/blog-perda-carga-ar-comprimido.html,false,false,121,1,unclassified,,,,classify
blog-perda-carga-filtro.html,https://www.alogy.com.br/blog-perda-carga-filtro.html,"noindex,nofollow,noarchive",https://www.alogy.com.br/blog-perda-carga-filtro.html,false,false,121,1,unclassified,,,,classify
blog-placa-orificio-restricao.html,https://www.alogy.com.br/blog-placa-orificio-restricao.html,"noindex,nofollow,noarchive",https://www.alogy.com.br/blog-placa-orificio-restricao.html,false,false,127,1,unclassified,,,,classify
blog-ponto-orvalho-ar-comprimido.html,https://www.alogy.com.br/blog-ponto-orvalho-ar-comprimido.html,"noindex,nofollow,noarchive",https://www.alogy.com.br/blog-ponto-orvalho-ar-comprimido.html,false,false,121,1,unclassified,,,,classify
blog-potencia-bomba.html,https://www.alogy.com.br/blog-potencia-bomba.html,"index,follow",https://www.alogy.com.br/blog-potencia-bomba.html,true,true,479,1,improve,P0,high,"Artigo monetizado e indexável usa fórmula e estrutura genéricas, sem exemplo numérico, unidades explícitas, ponto de operação na curva, separação completa entre potência hidráulica, eixo, elétrica e regime do motor; faltam fontes identificadas, limites de rendimento e autoria/revisão pessoal.","Manter indexado; aprofundar com exemplo resolvido e unidades coerentes, premissas de vazão/altura/densidade/rendimentos, comparação com curva e placa do motor, limitações para VFD e fatores de serviço, referências primárias e validação de engenharia."
blog-potencia-exaustor-ventilador.html,https://www.alogy.com.br/blog-potencia-exaustor-ventilador.html,"noindex,nofollow,noarchive",https://www.alogy.com.br/blog-potencia-exaustor-ventilador.html,false,false,123,1,unclassified,,,,classify
blog-ppm-mg-m3-gases.html,https://www.alogy.com.br/blog-ppm-mg-m3-gases.html,"noindex,nofollow,noarchive",https://www.alogy.com.br/blog-ppm-mg-m3-gases.html,false,false,125,1,unclassified,,,,classify
blog-pressao-hidrostatica-densidade.html,https://www.alogy.com.br/blog-pressao-hidrostatica-densidade.html,"index,follow",https://www.alogy.com.br/blog-pressao-hidrostatica-densidade.html,true,true,474,1,improve,P0,high,"Apresenta corretamente a relação qualitativa entre altura, densidade e pressão, pontos de referência, influência da densidade e falhas de instalação. Porém não exibe a equação hidrostática nem exemplo numérico apesar do título de exemplo, não possui fontes externas, sobrepõe parte do artigo de nível DP e usa somente autoria organizacional.","Manter indexado; diferenciar o escopo com exemplo não confidencial e fontes primárias confirmadas, acrescentando equação, unidades e limites somente após validação técnica e autorização editorial, além de revisão pessoal confirmada."
blog-queda-tensao-partida-motor.html,https://www.alogy.com.br/blog-queda-tensao-partida-motor.html,"noindex,nofollow,noarchive",https://www.alogy.com.br/blog-queda-tensao-partida-motor.html,false,false,124,1,unclassified,,,,classify
blog-resistor-shunt-4-20ma.html,https://www.alogy.com.br/blog-resistor-shunt-4-20ma.html,"index,follow",https://www.alogy.com.br/blog-resistor-shunt-4-20ma.html,true,true,551,1,keep,P1,high,"Aplica corretamente lei de Ohm, dissipação e orçamento de tensão, com exemplos coerentes, carga total de malha, limitações HART, diagnóstico, referências de fabricante e entidade técnica e aviso de validação. O escopo é distinto e complementa ferramentas pertinentes; a autoria permanece organizacional.",Manter indexado e preservar fórmulas e exemplos; revalidar periodicamente limites e referências dos equipamentos e adicionar revisão técnica pessoal somente após confirmação das credenciais.
blog-reynolds-regime-escoamento.html,https://www.alogy.com.br/blog-reynolds-regime-escoamento.html,"noindex,nofollow,noarchive",https://www.alogy.com.br/blog-reynolds-regime-escoamento.html,false,false,123,1,unclassified,,,,classify
blog-rotametro-correcao-vazao.html,https://www.alogy.com.br/blog-rotametro-correcao-vazao.html,"index,follow",https://www.alogy.com.br/blog-rotametro-correcao-vazao.html,true,true,958,1,keep,P1,high,"Artigo monetizado e indexável explica condições de calibração, pressão e temperatura absolutas, limites de correção, diagnóstico e exemplo completo; inclui referências de fabricantes e delimita que correção não substitui calibração rastreável. Autoria ainda é apenas organizacional.","Manter indexado; preservar exemplos e limitações, adicionar autoria/revisão confirmada na fase F6 e verificar periodicamente links, condições de referência e compatibilidade com documentação do fabricante."
blog-secao-barramento-cobre.html,https://www.alogy.com.br/blog-secao-barramento-cobre.html,"noindex,nofollow,noarchive",https://www.alogy.com.br/blog-secao-barramento-cobre.html,false,false,126,1,unclassified,,,,classify
blog-selo-remoto-capilar-nivel.html,https://www.alogy.com.br/blog-selo-remoto-capilar-nivel.html,"index,follow",https://www.alogy.com.br/blog-selo-remoto-capilar-nivel.html,true,true,792,1,improve,P0,high,"Artigo monetizado e indexável com ligação útil para calculadora, mas sem exemplo numérico de elevação ou supressão, diagrama, equações, efeitos quantitativos de temperatura, premissas de montagem, referência de fabricante ou fonte técnica; autoria apenas organizacional.","Manter indexado; aprofundar com exemplo resolvido, diagrama próprio, premissas e limitações, critérios de seleção dependentes do fabricante, fontes primárias e validação humana de engenharia."
blog-sil-pfd-didatico.html,https://www.alogy.com.br/blog-sil-pfd-didatico.html,"index,follow",https://www.alogy.com.br/blog-sil-pfd-didatico.html,true,true,486,1,manual-review,P0,high,"Artigo monetizado e indexável sobre segurança funcional tem orientação conceitual adequada, mas não identifica edição, fonte ou referência acessível para IEC 61508/61511, não traz autoria/revisão pessoal e qualquer aprofundamento de PFDavg, arquitetura, dados de falha ou teste de prova exige validação especializada.","Manter sem alteração automática; reunir fontes primárias e responsável técnico habilitado, definir escopo estritamente didático e só então decidir entre aprofundar, manter com revisão ou retirar monetização."
blog-slip-motor-inducao.html,https://www.alogy.com.br/blog-slip-motor-inducao.html,"noindex,nofollow,noarchive",https://www.alogy.com.br/blog-slip-motor-inducao.html,false,false,127,1,unclassified,,,,classify
blog-slope-sonda-ph.html,https://www.alogy.com.br/blog-slope-sonda-ph.html,"index,follow",https://www.alogy.com.br/blog-slope-sonda-ph.html,true,true,610,1,keep,P1,high,"Artigo monetizado e indexável apresenta cálculo reproduzível, dependência de temperatura, exemplo numérico, limitações de aceitação e diagnóstico de campo; cita materiais técnicos de fabricantes e evita prescrever limite universal. Autoria permanece organizacional.","Manter indexado; preservar o escopo educativo, incluir autoria/revisão confirmada na fase F6 e revisar periodicamente os links e valores de referência citados."
blog-solenoide-atuador-pneumatico-cv.html,https://www.alogy.com.br/blog-solenoide-atuador-pneumatico-cv.html,"index,follow",https://www.alogy.com.br/blog-solenoide-atuador-pneumatico-cv.html,true,true,611,1,improve,P0,high,"Artigo monetizado e indexável explica Cv, volume e tempo de forma geral, mas não mostra método reproduzível para ar comprimido, condição de pressão, volume por câmara, exaustão, conversão Cv/Kv ou curva do fabricante; menciona aplicações de segurança sem fonte, limites ou revisão técnica visível.","Manter indexado; incluir exemplo não confidencial baseado em dados de fabricante, separar alimentação e exaustão, declarar premissas de pressão/volume/tempo e limites de conversão, citar fontes primárias e submeter a validação de engenharia antes de editar conteúdo de segurança."
blog-split-range-4-20ma.html,https://www.alogy.com.br/blog-split-range-4-20ma.html,"index,follow",https://www.alogy.com.br/blog-split-range-4-20ma.html,true,true,505,1,manual-review,P0,high,"Introduz divisão 4–12/12–20 mA, transição, sobreposição, zona morta, sentido de ação e pontos de teste. Porém não possui fontes externas, exemplo completo de mapeamento ou critérios de estabilidade e orienta falha segura, intertravamentos e atuação de válvulas; uma configuração incorreta pode afetar o processo e a autoria é apenas organizacional.","Manter inalterado e indexado por enquanto; exigir especialista em controle de processo para validar faixas, ação direta ou reversa, transição, falha segura, intertravamentos e teste antes de qualquer edição, sem alterar fórmulas ou lógica automaticamente."
blog-tempo-aceleracao-motor-inercia.html,https://www.alogy.com.br/blog-tempo-aceleracao-motor-inercia.html,"noindex,nofollow,noarchive",https://www.alogy.com.br/blog-tempo-aceleracao-motor-inercia.html,false,false,130,1,unclassified,,,,classify
blog-tempo-amostragem-analisador.html,https://www.alogy.com.br/blog-tempo-amostragem-analisador.html,"index,follow",https://www.alogy.com.br/blog-tempo-amostragem-analisador.html,true,true,795,1,keep,P1,high,"Decompõe atraso de transporte, condicionamento, renovação, sensor e filtros; apresenta exemplo completo com volume, vazão e resposta de primeira ordem; trata preservação e representatividade da amostra, sincronização de cloro e teste instalado. Cita Hach e quatro materiais da Swagelok e explicita limites; a autoria permanece organizacional.","Manter indexado; preservar modelos, exemplos, teste instalado e limites de segurança, validar periodicamente as referências e adicionar autoria ou revisão técnica pessoal confirmada na F6."
blog-tempo-descarga-capacitor.html,https://www.alogy.com.br/blog-tempo-descarga-capacitor.html,"noindex,nofollow,noarchive",https://www.alogy.com.br/blog-tempo-descarga-capacitor.html,false,false,125,1,unclassified,,,,classify
blog-tempo-enchimento-tanque.html,https://www.alogy.com.br/blog-tempo-enchimento-tanque.html,"noindex,nofollow,noarchive",https://www.alogy.com.br/blog-tempo-enchimento-tanque.html,false,false,127,1,unclassified,,,,classify
blog-tempo-transmissao-serial-industrial.html,https://www.alogy.com.br/blog-tempo-transmissao-serial-industrial.html,"noindex,nofollow,noarchive",https://www.alogy.com.br/blog-tempo-transmissao-serial-industrial.html,false,false,119,1,unclassified,,,,classify
blog-termopoco-tempo-resposta.html,https://www.alogy.com.br/blog-termopoco-tempo-resposta.html,"index,follow",https://www.alogy.com.br/blog-termopoco-tempo-resposta.html,true,true,673,1,keep,P1,high,"Distingue calibração de resposta dinâmica, detalha fluido, geometria, contato, inserção, depósito e filtros, explica constante de tempo com exemplo e fornece diagnóstico de campo e ressalva mecânica. Cita documentos da WIKA e Emerson; a autoria permanece apenas organizacional.","Manter indexado; preservar exemplo, diagnóstico e compromisso entre resposta e resistência mecânica, validar periodicamente documentos e links e adicionar autoria ou revisão técnica pessoal confirmada na F6."
blog-teste-de-loop-instrumentacao.html,https://www.alogy.com.br/blog-teste-de-loop-instrumentacao.html,"index,follow",https://www.alogy.com.br/blog-teste-de-loop-instrumentacao.html,true,true,721,1,improve,P0,high,"Explica o caminho do sinal, diferencia calibração de teste de loop, traz exemplo 4–20 mA e lista campos de documentação. Contudo não oferece sequência segura, registros as-found e as-left, tratamento de bypass, intertravamentos e alarmes, critérios de aceitação ou fontes externas; o texto é promocional e a autoria é apenas organizacional.","Manter indexado; adicionar método delimitado, travas operacionais, critérios e referências primárias com revisão técnica pessoal, e confirmar que todas as alegações de serviços da ALOGY refletem atuação real e autorizada antes de mantê-las."
blog-thd-distorcao-harmonica.html,https://www.alogy.com.br/blog-thd-distorcao-harmonica.html,"noindex,nofollow,noarchive",https://www.alogy.com.br/blog-thd-distorcao-harmonica.html,false,false,123,1,unclassified,,,,classify
blog-vazao-normalizada-gases.html,https://www.alogy.com.br/blog-vazao-normalizada-gases.html,"index,follow",https://www.alogy.com.br/blog-vazao-normalizada-gases.html,true,true,1003,1,keep,P1,high,"Distingue volume operacional e de referência, exige pressão absoluta e kelvin, inclui fator Z, exemplo numérico correto, erros comuns, bases variáveis e limites para medição fiscal, energia e gás real. Cita documentação de fabricante e liga ferramenta pertinente; a autoria é organizacional.",Manter indexado e preservar fórmula e exemplo; revalidar periodicamente as referências e bases declaradas e acrescentar revisão técnica pessoal somente após confirmação das credenciais.
blog-vazao-vertedouro-canaleta.html,https://www.alogy.com.br/blog-vazao-vertedouro-canaleta.html,"noindex,nofollow,noarchive",https://www.alogy.com.br/blog-vazao-vertedouro-canaleta.html,false,false,126,1,unclassified,,,,classify
blog-ventilacao-painel-eletrico.html,https://www.alogy.com.br/blog-ventilacao-painel-eletrico.html,"noindex,nofollow,noarchive",https://www.alogy.com.br/blog-ventilacao-painel-eletrico.html,false,false,117,1,unclassified,,,,classify
blog-volume-cilindro-horizontal-nivel.html,https://www.alogy.com.br/blog-volume-cilindro-horizontal-nivel.html,"noindex,nofollow,noarchive",https://www.alogy.com.br/blog-volume-cilindro-horizontal-nivel.html,false,false,124,1,unclassified,,,,classify
blog.html,https://www.alogy.com.br/blog.html,"index,follow",https://www.alogy.com.br/blog.html,true,true,1052,1,keep,P1,high,"Diretório editorial central com busca, oito categorias técnicas, 60 links únicos de artigos e 60 entradas BlogPosting no JSON-LD. Todos os destinos foram confirmados no SHA do lote, e a página oferece função própria de descoberta, aviso orientativo e resumos coerentes; a autoria permanece apenas organizacional.","Manter indexado como hub principal do blog; preservar busca, categorias, aviso orientativo e sincronismo entre cartões e JSON-LD, atualizar os resumos conforme os artigos forem revisados e adicionar autoria ou revisão técnica pessoal somente após confirmação humana."
calculadora-4-20ma.html,https://www.alogy.com.br/calculadora-4-20ma.html,"index,follow",https://www.alogy.com.br/calculadora-4-20ma.html,true,true,683,1,keep,P1,high,"Ferramenta extensa e clara para conversão linear entre mA, percentual e valor de engenharia, com fórmulas, tabela, tratamento de faixa invertida e extrapolação, limites para raiz quadrada ou curvas especiais e exemplo correto de 0–1000 °C em que 12 mA corresponde a 500 °C. A autoria é organizacional e não há fonte externa identificável.","Manter indexada; preservar fórmulas, tabela, avisos e tratamento de extrapolação, acrescentar referência primária confirmada para o sinal 4–20 mA e adicionar autoria ou revisão técnica pessoal somente após confirmação humana."
calculadora-aterramento.html,https://www.alogy.com.br/calculadora-aterramento.html,"index,follow",https://www.alogy.com.br/calculadora-aterramento.html,false,true,832,1,unclassified,,,,classify
calculadora-atuador-pneumatico.html,https://www.alogy.com.br/calculadora-atuador-pneumatico.html,"index,follow",https://www.alogy.com.br/calculadora-atuador-pneumatico.html,false,true,857,1,unclassified,,,,classify
calculadora-autonomia-ar-instrumentos.html,https://www.alogy.com.br/calculadora-autonomia-ar-instrumentos.html,"index,follow",https://www.alogy.com.br/calculadora-autonomia-ar-instrumentos.html,false,true,544,1,unclassified,,,,classify
calculadora-autonomia-cilindro-gas.html,https://www.alogy.com.br/calculadora-autonomia-cilindro-gas.html,"index,follow",https://www.alogy.com.br/calculadora-autonomia-cilindro-gas.html,false,true,462,1,unclassified,,,,classify
calculadora-barreira-intrinseca-area-classificada.html,https://www.alogy.com.br/calculadora-barreira-intrinseca-area-classificada.html,"noindex,nofollow,noarchive",https://www.alogy.com.br/calculadora-barreira-intrinseca-area-classificada.html,false,false,96,1,unclassified,,,,classify
calculadora-bateria-ups-24vcc.html,https://www.alogy.com.br/calculadora-bateria-ups-24vcc.html,"index,follow",https://www.alogy.com.br/calculadora-bateria-ups-24vcc.html,false,true,636,1,unclassified,,,,classify
calculadora-bitola-cabo.html,https://www.alogy.com.br/calculadora-bitola-cabo.html,"noindex,follow",https://www.alogy.com.br/calculadora-dimensionamento-cabos.html,false,false,18,0,unclassified,,,,classify
calculadora-bomba-dosadora-quimica.html,https://www.alogy.com.br/calculadora-bomba-dosadora-quimica.html,"index,follow",https://www.alogy.com.br/calculadora-bomba-dosadora-quimica.html,false,true,447,1,unclassified,,,,classify
calculadora-burden-transformador-corrente.html,https://www.alogy.com.br/calculadora-burden-transformador-corrente.html,"index,follow",https://www.alogy.com.br/calculadora-burden-transformador-corrente.html,false,true,409,1,unclassified,,,,classify
calculadora-cabo-instrumentacao-24vcc.html,https://www.alogy.com.br/calculadora-cabo-instrumentacao-24vcc.html,"index,follow",https://www.alogy.com.br/calculadora-cabo-instrumentacao-24vcc.html,false,true,819,1,unclassified,,,,classify
calculadora-cabo-profibus-rs485.html,https://www.alogy.com.br/calculadora-cabo-profibus-rs485.html,"index,follow",https://www.alogy.com.br/calculadora-cabo-profibus-rs485.html,false,true,522,1,unclassified,,,,classify
calculadora-calibracao-balanca-industrial.html,https://www.alogy.com.br/calculadora-calibracao-balanca-industrial.html,"index,follow",https://www.alogy.com.br/calculadora-calibracao-balanca-industrial.html,false,true,544,1,unclassified,,,,classify
calculadora-calibracao-cartao-analogico-clp.html,https://www.alogy.com.br/calculadora-calibracao-cartao-analogico-clp.html,"index,follow",https://www.alogy.com.br/calculadora-calibracao-cartao-analogico-clp.html,false,true,580,1,unclassified,,,,classify
calculadora-calibracao-chave-fluxo.html,https://www.alogy.com.br/calculadora-calibracao-chave-fluxo.html,"index,follow",https://www.alogy.com.br/calculadora-calibracao-chave-fluxo.html,false,true,555,1,unclassified,,,,classify
calculadora-calibracao-chave-nivel.html,https://www.alogy.com.br/calculadora-calibracao-chave-nivel.html,"index,follow",https://www.alogy.com.br/calculadora-calibracao-chave-nivel.html,false,true,434,1,unclassified,,,,classify
calculadora-calibracao-condutivimetro.html,https://www.alogy.com.br/calculadora-calibracao-condutivimetro.html,"index,follow",https://www.alogy.com.br/calculadora-calibracao-condutivimetro.html,false,true,616,1,unclassified,,,,classify
calculadora-calibracao-conversor-ip-pi.html,https://www.alogy.com.br/calculadora-calibracao-conversor-ip-pi.html,"index,follow",https://www.alogy.com.br/calculadora-calibracao-conversor-ip-pi.html,false,true,664,1,unclassified,,,,classify
calculadora-calibracao-indicador-controlador.html,https://www.alogy.com.br/calculadora-calibracao-indicador-controlador.html,"index,follow",https://www.alogy.com.br/calculadora-calibracao-indicador-controlador.html,false,true,530,1,unclassified,,,,classify
calculadora-calibracao-manometro.html,https://www.alogy.com.br/calculadora-calibracao-manometro.html,"index,follow",https://www.alogy.com.br/calculadora-calibracao-manometro.html,true,true,578,1,keep,P1,high,"Distingue classe aplicada ao fundo de escala, subida, descida e histerese, exibe fórmulas e limita o status ao ponto testado. O exemplo de span 10 bar e classe 1,0 resulta corretamente em EMP de 0,10 bar e histerese de 0,08 bar; há referências WIKA e Ashcroft e ressalvas sobre incerteza, resolução e procedimento.","Manter indexada; preservar fórmulas, exemplo, referências e limitações, validar periodicamente os documentos de fabricante e adicionar autoria ou revisão técnica pessoal confirmada na F6."
calculadora-calibracao-medidor-vazao-coriolis.html,https://www.alogy.com.br/calculadora-calibracao-medidor-vazao-coriolis.html,"index,follow",https://www.alogy.com.br/calculadora-calibracao-medidor-vazao-coriolis.html,false,true,548,1,unclassified,,,,classify
calculadora-calibracao-medidor-vazao-magnetico.html,https://www.alogy.com.br/calculadora-calibracao-medidor-vazao-magnetico.html,"index,follow",https://www.alogy.com.br/calculadora-calibracao-medidor-vazao-magnetico.html,false,true,545,1,unclassified,,,,classify
calculadora-calibracao-medidor-vazao-ultrassonico.html,https://www.alogy.com.br/calculadora-calibracao-medidor-vazao-ultrassonico.html,"index,follow",https://www.alogy.com.br/calculadora-calibracao-medidor-vazao-ultrassonico.html,false,true,539,1,unclassified,,,,classify
calculadora-calibracao-phmetro.html,https://www.alogy.com.br/calculadora-calibracao-phmetro.html,"index,follow",https://www.alogy.com.br/calculadora-calibracao-phmetro.html,false,true,715,1,unclassified,,,,classify
calculadora-calibracao-pressostato.html,https://www.alogy.com.br/calculadora-calibracao-pressostato.html,"index,follow",https://www.alogy.com.br/calculadora-calibracao-pressostato.html,false,true,542,1,unclassified,,,,classify
calculadora-calibracao-radar-ultrassonico-nivel.html,https://www.alogy.com.br/calculadora-calibracao-radar-ultrassonico-nivel.html,"index,follow",https://www.alogy.com.br/calculadora-calibracao-radar-ultrassonico-nivel.html,false,true,557,1,unclassified,,,,classify
calculadora-calibracao-termostato.html,https://www.alogy.com.br/calculadora-calibracao-termostato.html,"index,follow",https://www.alogy.com.br/calculadora-calibracao-termostato.html,false,true,519,1,unclassified,,,,classify
calculadora-calibracao-totalizador-vazao.html,https://www.alogy.com.br/calculadora-calibracao-totalizador-vazao.html,"index,follow",https://www.alogy.com.br/calculadora-calibracao-totalizador-vazao.html,false,true,550,1,unclassified,,,,classify
calculadora-calibracao-transmissor-dp-vazao.html,https://www.alogy.com.br/calculadora-calibracao-transmissor-dp-vazao.html,"index,follow",https://www.alogy.com.br/calculadora-calibracao-transmissor-dp-vazao.html,true,true,615,1,keep,P1,high,"Explica a relação quadrática entre vazão e DP, mostra fórmulas, separa erro de aplicação e de saída e alerta contra dupla extração de raiz. O exemplo de 250 mbar e 50% de vazão resulta corretamente em 62,5 mbar e 12 mA; há referências Yokogawa e Emerson e delimitação do uso.","Manter indexada; preservar fórmulas, exemplo, referências e alerta sobre a localização da extração de raiz, validar periodicamente os documentos e adicionar autoria ou revisão técnica pessoal confirmada na F6."
calculadora-calibracao-transmissor-nivel-dp.html,https://www.alogy.com.br/calculadora-calibracao-transmissor-nivel-dp.html,"index,follow",https://www.alogy.com.br/calculadora-calibracao-transmissor-nivel-dp.html,true,true,449,1,keep,P1,high,"Confere pontos a partir de LRV e URV já definidos, mostra fórmulas, separa erro de aplicação e de saída e exclui explicitamente densidade, perna molhada, selos remotos e temperatura. O exemplo de −50 a 450 mbar resulta corretamente em 200 mbar e 12 mA no ponto de 50%; há referências Emerson e BIPM.","Manter indexada; preservar o escopo restrito, fórmulas, exemplo e referências, evitando apresentá-la como ferramenta de dimensionamento de range, e adicionar autoria ou revisão técnica pessoal confirmada na F6."
calculadora-calibracao-transmissor-orp.html,https://www.alogy.com.br/calculadora-calibracao-transmissor-orp.html,"index,follow",https://www.alogy.com.br/calculadora-calibracao-transmissor-orp.html,false,true,603,1,unclassified,,,,classify
calculadora-calibracao-transmissor-pressao.html,https://www.alogy.com.br/calculadora-calibracao-transmissor-pressao.html,"index,follow",https://www.alogy.com.br/calculadora-calibracao-transmissor-pressao.html,true,true,540,1,keep,P1,high,"Apresenta conversão entre faixa, referência e 4–20 mA, erro em engenharia e percentual do span, pontos recomendados, exemplo coerente e ressalvas sobre incerteza, histerese e decisão formal. Usa referências BIPM e ILAC e deixa claro que um ponto aprovado não valida toda a faixa.","Manter indexada; preservar fórmulas, exemplo, referências e ressalvas, validar periodicamente os documentos e adicionar autoria ou revisão técnica pessoal confirmada na F6."
calculadora-calibracao-transmissor-temperatura.html,https://www.alogy.com.br/calculadora-calibracao-transmissor-temperatura.html,"index,follow",https://www.alogy.com.br/calculadora-calibracao-transmissor-temperatura.html,true,true,458,1,keep,P1,high,"Distingue escala linear do transmissor das curvas de RTD e termopar, apresenta fórmulas, exemplo coerente e fontes de erro de ligação, junta fria, autoaquecimento e estabilização. Usa referências BIPM e ILAC e limita o status à tolerância informada, sem substituir avaliação de incerteza.","Manter indexada; preservar fórmulas, exemplo, referências, limites de escopo e cuidados por tipo de sensor, validar periodicamente os documentos e adicionar autoria ou revisão técnica pessoal confirmada na F6."
calculadora-calibracao-valvula-controle.html,https://www.alogy.com.br/calculadora-calibracao-valvula-controle.html,"index,follow",https://www.alogy.com.br/calculadora-calibracao-valvula-controle.html,false,true,446,1,unclassified,,,,classify
calculadora-carga-malha-4-20ma.html,https://www.alogy.com.br/calculadora-carga-malha-4-20ma.html,"index,follow",https://www.alogy.com.br/calculadora-carga-malha-4-20ma.html,true,true,492,1,keep,P1,high,"Calcula cabo de ida e volta, carga total, carga máxima e margem de tensão, orienta usar a corrente de pior caso do manual e considera equipamentos em série. O exemplo resulta corretamente em 15,6 Ω de cabo, 365,6 Ω totais e 4,69 V de margem; há manuais Emerson e limitações sobre ruído, capacitância, isolação e função.","Manter indexada; preservar fórmulas, exemplo, referências e limites, validar periodicamente os manuais e confirmar separadamente qualquer alegação de apoio técnico da ALOGY antes de edição editorial."
calculadora-celula-carga-tanque.html,https://www.alogy.com.br/calculadora-celula-carga-tanque.html,"index,follow",https://www.alogy.com.br/calculadora-celula-carga-tanque.html,false,true,761,1,unclassified,,,,classify
calculadora-comprimento-cabo-hart.html,https://www.alogy.com.br/calculadora-comprimento-cabo-hart.html,"index,follow",https://www.alogy.com.br/calculadora-comprimento-cabo-hart.html,true,true,585,1,keep,P1,high,"Ferramenta interativa com entradas para tensão, carga, resistência e capacitância, fórmulas explícitas, exemplo reproduzível, checklist e limites de uso. Distingue triagem de comprovação da comunicação e cita FieldComm Group e manual de fabricante; a autoria pessoal não está identificada.","Manter indexada; preservar fórmulas, exemplo e limites, validar periodicamente documentos e links e adicionar autoria ou revisão técnica pessoal confirmada na F6."
calculadora-condutividade-tds.html,https://www.alogy.com.br/calculadora-condutividade-tds.html,"index,follow",https://www.alogy.com.br/calculadora-condutividade-tds.html,false,true,529,1,unclassified,,,,classify
calculadora-conexoes-pneumaticas-comprimento-equivalente.html,https://www.alogy.com.br/calculadora-conexoes-pneumaticas-comprimento-equivalente.html,"index,follow",https://www.alogy.com.br/calculadora-conexoes-pneumaticas-comprimento-equivalente.html,false,true,429,1,unclassified,,,,classify
calculadora-consumo-ar-cilindro-pneumatico.html,https://www.alogy.com.br/calculadora-consumo-ar-cilindro-pneumatico.html,"index,follow",https://www.alogy.com.br/calculadora-consumo-ar-cilindro-pneumatico.html,false,true,373,1,unclassified,,,,classify
calculadora-consumo-ar-comprimido.html,https://www.alogy.com.br/calculadora-consumo-ar-comprimido.html,"index,follow",https://www.alogy.com.br/calculadora-consumo-ar-comprimido.html,false,true,955,1,unclassified,,,,classify
calculadora-consumo-ar-instrumentos.html,https://www.alogy.com.br/calculadora-consumo-ar-instrumentos.html,"index,follow",https://www.alogy.com.br/calculadora-consumo-ar-instrumentos.html,false,true,391,1,unclassified,,,,classify
calculadora-consumo-energia-resistencia-aquecimento.html,https://www.alogy.com.br/calculadora-consumo-energia-resistencia-aquecimento.html,"index,follow",https://www.alogy.com.br/calculadora-consumo-energia-resistencia-aquecimento.html,false,true,362,1,unclassified,,,,classify
calculadora-consumo-valvula-solenoide-bobina.html,https://www.alogy.com.br/calculadora-consumo-valvula-solenoide-bobina.html,"index,follow",https://www.alogy.com.br/calculadora-consumo-valvula-solenoide-bobina.html,false,true,489,1,unclassified,,,,classify
calculadora-conversao-sinais-industriais.html,https://www.alogy.com.br/calculadora-conversao-sinais-industriais.html,"index,follow",https://www.alogy.com.br/calculadora-conversao-sinais-industriais.html,false,true,584,1,unclassified,,,,classify
calculadora-correcao-fator-potencia.html,https://www.alogy.com.br/calculadora-correcao-fator-potencia.html,"index,follow",https://www.alogy.com.br/calculadora-correcao-fator-potencia.html,false,true,720,1,unclassified,,,,classify
calculadora-corrente-neutro-trifasico.html,https://www.alogy.com.br/calculadora-corrente-neutro-trifasico.html,"index,follow",https://www.alogy.com.br/calculadora-corrente-neutro-trifasico.html,false,true,343,1,unclassified,,,,classify
calculadora-corrente-partida-motor.html,https://www.alogy.com.br/calculadora-corrente-partida-motor.html,"index,follow",https://www.alogy.com.br/calculadora-corrente-partida-motor.html,false,true,406,1,unclassified,,,,classify
calculadora-corrente-trifasica.html,https://www.alogy.com.br/calculadora-corrente-trifasica.html,"index,follow",https://www.alogy.com.br/calculadora-corrente-trifasica.html,true,true,438,1,unclassified,,,,classify
calculadora-criticidade-instrumentos.html,https://www.alogy.com.br/calculadora-criticidade-instrumentos.html,"index,follow",https://www.alogy.com.br/calculadora-criticidade-instrumentos.html,false,true,430,1,unclassified,,,,classify
calculadora-curto-circuito-transformador.html,https://www.alogy.com.br/calculadora-curto-circuito-transformador.html,"index,follow",https://www.alogy.com.br/calculadora-curto-circuito-transformador.html,true,true,456,1,unclassified,,,,classify
calculadora-cv-gases-valvula-controle.html,https://www.alogy.com.br/calculadora-cv-gases-valvula-controle.html,"index,follow",https://www.alogy.com.br/calculadora-cv-gases-valvula-controle.html,false,true,461,1,unclassified,,,,classify
calculadora-cv-kv-valvula-controle.html,https://www.alogy.com.br/calculadora-cv-kv-valvula-controle.html,"index,follow",https://www.alogy.com.br/calculadora-cv-kv-valvula-controle.html,false,true,437,1,unclassified,,,,classify
calculadora-cv-valvula-controle.html,https://www.alogy.com.br/calculadora-cv-valvula-controle.html,"index,follow",https://www.alogy.com.br/calculadora-cv-valvula-controle.html,false,true,860,1,unclassified,,,,classify
calculadora-desequilibrio-tensao-motor.html,https://www.alogy.com.br/calculadora-desequilibrio-tensao-motor.html,"index,follow",https://www.alogy.com.br/calculadora-desequilibrio-tensao-motor.html,false,true,349,1,unclassified,,,,classify
calculadora-diagnostico-4-20ma-hart.html,https://www.alogy.com.br/calculadora-diagnostico-4-20ma-hart.html,"index,follow",https://www.alogy.com.br/calculadora-diagnostico-4-20ma-hart.html,true,true,886,1,improve,P0,high,"A ferramenta é substancial, interativa e bem referenciada, com classificação de corrente, conversão de escala e orçamento básico de tensão. Porém há sobreposição relevante de escala, carga e margem de fonte com calculadora-malha-4-20ma-hart-completa.html; seu diferencial de diagnóstico rápido e referência configurável à NE 43 ainda precisa ficar mais claro.","Manter indexada e diferenciar editorialmente o escopo como triagem rápida de status e falha, reduzindo repetição com a calculadora completa sem alterar fórmulas ou JavaScript; preservar referências e exigir revisão técnica pessoal confirmada."
calculadora-diametro-cilindro-pneumatico.html,https://www.alogy.com.br/calculadora-diametro-cilindro-pneumatico.html,"index,follow",https://www.alogy.com.br/calculadora-diametro-cilindro-pneumatico.html,false,true,377,1,unclassified,,,,classify
calculadora-dilatacao-termica.html,https://www.alogy.com.br/calculadora-dilatacao-termica.html,"index,follow",https://www.alogy.com.br/calculadora-dilatacao-termica.html,false,true,519,1,unclassified,,,,classify
calculadora-dimensionamento-cabos.html,https://www.alogy.com.br/calculadora-dimensionamento-cabos.html,"index,follow",https://www.alogy.com.br/calculadora-dimensionamento-cabos.html,false,true,1617,1,unclassified,,,,classify
calculadora-disjuntor-protecao.html,https://www.alogy.com.br/calculadora-disjuntor-protecao.html,"index,follow",https://www.alogy.com.br/calculadora-disjuntor-protecao.html,true,true,486,1,unclassified,,,,classify
calculadora-dn-nps-schedule.html,https://www.alogy.com.br/calculadora-dn-nps-schedule.html,"index,follow",https://www.alogy.com.br/calculadora-dn-nps-schedule.html,false,true,904,1,unclassified,,,,classify
calculadora-dp-nivel-tanque-fechado.html,https://www.alogy.com.br/calculadora-dp-nivel-tanque-fechado.html,"index,follow",https://www.alogy.com.br/calculadora-dp-nivel-tanque-fechado.html,false,true,527,1,unclassified,,,,classify
calculadora-economia-inversor-bomba-ventilador.html,https://www.alogy.com.br/calculadora-economia-inversor-bomba-ventilador.html,"index,follow",https://www.alogy.com.br/calculadora-economia-inversor-bomba-ventilador.html,false,true,470,1,unclassified,,,,classify
calculadora-emissividade-termografia.html,https://www.alogy.com.br/calculadora-emissividade-termografia.html,"index,follow",https://www.alogy.com.br/calculadora-emissividade-termografia.html,false,true,444,1,unclassified,,,,classify
calculadora-energia-consumo-industrial.html,https://www.alogy.com.br/calculadora-energia-consumo-industrial.html,"index,follow",https://www.alogy.com.br/calculadora-energia-consumo-industrial.html,false,true,950,1,unclassified,,,,classify
calculadora-erro-calibracao.html,https://www.alogy.com.br/calculadora-erro-calibracao.html,"index,follow",https://www.alogy.com.br/calculadora-erro-calibracao.html,true,true,919,1,manual-review,P0,high,"Organiza múltiplos pontos, calcula erro, correção, percentual do span e EMP e cita BIPM e ILAC G8. Porém também gera status e memória preliminar de conformidade com regra baseada em incerteza expandida informada pelo usuário; a validade depende da regra de decisão, origem da incerteza, procedimento contratual e edição aplicável das referências.","Manter inalterada e indexada por enquanto; exigir revisão de especialista em metrologia sobre regras simples e com incerteza, zona indeterminada, entradas, arredondamento, referências e linguagem de conformidade antes de qualquer edição de conteúdo ou código."
calculadora-erro-total-malha-instrumentacao.html,https://www.alogy.com.br/calculadora-erro-total-malha-instrumentacao.html,"index,follow",https://www.alogy.com.br/calculadora-erro-total-malha-instrumentacao.html,true,true,1003,1,manual-review,P0,high,"Converte contribuições em unidade de engenharia e compara RSS e soma conservadora com a tolerância, advertindo sobre independência, correlação e diferença para incerteza formal. Contudo não há fontes externas identificáveis e a combinação de erros máximos, especificações e outras contribuições por RSS pode ser interpretada indevidamente como critério de aceitação da malha.","Manter inalterada e indexada por enquanto; exigir especialista em metrologia e instrumentação para validar natureza das entradas, pressupostos de independência, uso de RSS, status, exemplo e fontes antes de qualquer edição de conteúdo ou JavaScript."
calculadora-escala-clp.html,https://www.alogy.com.br/calculadora-escala-clp.html,"index,follow",https://www.alogy.com.br/calculadora-escala-clp.html,true,true,626,1,unclassified,,,,classify
calculadora-fonte-24vcc-painel-automacao.html,https://www.alogy.com.br/calculadora-fonte-24vcc-painel-automacao.html,"index,follow",https://www.alogy.com.br/calculadora-fonte-24vcc-painel-automacao.html,false,true,1054,1,unclassified,,,,classify
calculadora-fonte-24vcc.html,https://www.alogy.com.br/calculadora-fonte-24vcc.html,"index,follow",https://www.alogy.com.br/calculadora-fonte-24vcc.html,false,true,1037,1,unclassified,,,,classify
calculadora-histerese-pressostato-termostato.html,https://www.alogy.com.br/calculadora-histerese-pressostato-termostato.html,"index,follow",https://www.alogy.com.br/calculadora-histerese-pressostato-termostato.html,false,true,484,1,unclassified,,,,classify
calculadora-incerteza-calibracao-tur-tar.html,https://www.alogy.com.br/calculadora-incerteza-calibracao-tur-tar.html,"index,follow",https://www.alogy.com.br/calculadora-incerteza-calibracao-tur-tar.html,true,true,1030,1,manual-review,P0,high,"Monta orçamento preliminar com certificado do padrão, resolução, repetibilidade, outros efeitos, incerteza expandida, TUR, TAR e guard band, além de alertas e memorial. Porém gera status de calibração a partir de um modelo simplificado e apenas menciona JCGM 100, JCGM 106, ISO/IEC 17025 e ILAC G8 sem links, edições ou validação registrada.","Manter inalterada e indexada por enquanto; exigir revisão metrológica completa do modelo, distribuições, divisores, correlação, fator de abrangência, TUR/TAR, regra de decisão, arredondamento, referências aplicáveis e linguagem de status antes de qualquer edição de conteúdo ou JavaScript."
calculadora-incerteza-calibracao.html,https://www.alogy.com.br/calculadora-incerteza-calibracao.html,"noindex,follow",https://www.alogy.com.br/calculadora-incerteza-calibracao-tur-tar.html,false,false,52,1,unclassified,,,,classify
calculadora-indice-cavitacao-valvula.html,https://www.alogy.com.br/calculadora-indice-cavitacao-valvula.html,"index,follow",https://www.alogy.com.br/calculadora-indice-cavitacao-valvula.html,false,true,470,1,unclassified,,,,classify
calculadora-indice-polarizacao-dar.html,https://www.alogy.com.br/calculadora-indice-polarizacao-dar.html,"index,follow",https://www.alogy.com.br/calculadora-indice-polarizacao-dar.html,false,true,434,1,unclassified,,,,classify
calculadora-intervalo-calibracao-deriva.html,https://www.alogy.com.br/calculadora-intervalo-calibracao-deriva.html,"index,follow",https://www.alogy.com.br/calculadora-intervalo-calibracao-deriva.html,false,true,813,1,unclassified,,,,classify
calculadora-inversor-frequencia.html,https://www.alogy.com.br/calculadora-inversor-frequencia.html,"index,follow",https://www.alogy.com.br/calculadora-inversor-frequencia.html,false,true,979,1,unclassified,,,,classify
calculadora-io-clp.html,https://www.alogy.com.br/calculadora-io-clp.html,"index,follow",https://www.alogy.com.br/calculadora-io-clp.html,false,true,884,1,unclassified,,,,classify
calculadora-ip-rede-industrial.html,https://www.alogy.com.br/calculadora-ip-rede-industrial.html,"index,follow",https://www.alogy.com.br/calculadora-ip-rede-industrial.html,false,true,959,1,unclassified,,,,classify
calculadora-k-factor-vazao-pulsos.html,https://www.alogy.com.br/calculadora-k-factor-vazao-pulsos.html,"index,follow",https://www.alogy.com.br/calculadora-k-factor-vazao-pulsos.html,false,true,549,1,unclassified,,,,classify
calculadora-kva-transformador-carga.html,https://www.alogy.com.br/calculadora-kva-transformador-carga.html,"index,follow",https://www.alogy.com.br/calculadora-kva-transformador-carga.html,true,true,352,1,unclassified,,,,classify
calculadora-linha-impulso-transmissor-dp.html,https://www.alogy.com.br/calculadora-linha-impulso-transmissor-dp.html,"index,follow",https://www.alogy.com.br/calculadora-linha-impulso-transmissor-dp.html,false,true,523,1,unclassified,,,,classify
calculadora-lopa-simplificada.html,https://www.alogy.com.br/calculadora-lopa-simplificada.html,"noindex,nofollow,noarchive",https://www.alogy.com.br/calculadora-lopa-simplificada.html,false,false,85,1,unclassified,,,,classify
calculadora-lrv-urv-span.html,https://www.alogy.com.br/calculadora-lrv-urv-span.html,"noindex,follow",https://www.alogy.com.br/calculadora-4-20ma.html,false,false,47,1,unclassified,,,,classify
calculadora-malha-4-20ma-hart-completa.html,https://www.alogy.com.br/calculadora-malha-4-20ma-hart-completa.html,"index,follow",https://www.alogy.com.br/calculadora-malha-4-20ma-hart-completa.html,true,true,723,1,keep,P1,high,"Ferramenta interativa abrangente com escala, raw, cabo, cargas, tensão em 20 mA e falha alta, fórmulas, exemplo reproduzível, tabela e checklist. Delimita que orçamento em corrente contínua não comprova HART e cita FieldComm Group e Emerson; a autoria permanece organizacional.","Manter indexada como ferramenta principal de validação da malha; preservar fórmulas, exemplo e limites, validar periodicamente as referências e adicionar autoria ou revisão técnica pessoal confirmada na F6."
calculadora-massa-tanque-nivel.html,https://www.alogy.com.br/calculadora-massa-tanque-nivel.html,"index,follow",https://www.alogy.com.br/calculadora-massa-tanque-nivel.html,false,true,578,1,unclassified,,,,classify
calculadora-modbus-polling.html,https://www.alogy.com.br/calculadora-modbus-polling.html,"index,follow",https://www.alogy.com.br/calculadora-modbus-polling.html,false,true,444,1,unclassified,,,,classify
calculadora-modbus.html,https://www.alogy.com.br/calculadora-modbus.html,"index,follow",https://www.alogy.com.br/calculadora-modbus.html,false,true,871,1,unclassified,,,,classify
calculadora-nivel-caldeira-transmissor-dp.html,https://www.alogy.com.br/calculadora-nivel-caldeira-transmissor-dp.html,"index,follow",https://www.alogy.com.br/calculadora-nivel-caldeira-transmissor-dp.html,false,true,1595,1,unclassified,,,,classify
calculadora-nivel-dp-tanque-pressurizado.html,https://www.alogy.com.br/calculadora-nivel-dp-tanque-pressurizado.html,"index,follow",https://www.alogy.com.br/calculadora-nivel-dp-tanque-pressurizado.html,false,true,800,1,unclassified,,,,classify
calculadora-nivel-pressao-hidrostatica.html,https://www.alogy.com.br/calculadora-nivel-pressao-hidrostatica.html,"index,follow",https://www.alogy.com.br/calculadora-nivel-pressao-hidrostatica.html,false,true,1211,1,unclassified,,,,classify
calculadora-nivel-radar-ultrassonico.html,https://www.alogy.com.br/calculadora-nivel-radar-ultrassonico.html,"index,follow",https://www.alogy.com.br/calculadora-nivel-radar-ultrassonico.html,false,true,828,1,unclassified,,,,classify
calculadora-ocupacao-eletroduto-cabos.html,https://www.alogy.com.br/calculadora-ocupacao-eletroduto-cabos.html,"index,follow",https://www.alogy.com.br/calculadora-ocupacao-eletroduto-cabos.html,true,true,430,1,unclassified,,,,classify
calculadora-orp-mv-percentual.html,https://www.alogy.com.br/calculadora-orp-mv-percentual.html,"index,follow",https://www.alogy.com.br/calculadora-orp-mv-percentual.html,false,true,557,1,unclassified,,,,classify
calculadora-partida-estrela-triangulo-corrente.html,https://www.alogy.com.br/calculadora-partida-estrela-triangulo-corrente.html,"index,follow",https://www.alogy.com.br/calculadora-partida-estrela-triangulo-corrente.html,false,true,360,1,unclassified,,,,classify
calculadora-perda-carga-ar-comprimido.html,https://www.alogy.com.br/calculadora-perda-carga-ar-comprimido.html,"index,follow",https://www.alogy.com.br/calculadora-perda-carga-ar-comprimido.html,false,true,321,1,unclassified,,,,classify
calculadora-perda-carga-filtro.html,https://www.alogy.com.br/calculadora-perda-carga-filtro.html,"index,follow",https://www.alogy.com.br/calculadora-perda-carga-filtro.html,false,true,636,1,unclassified,,,,classify
calculadora-placa-orificio-restricao.html,https://www.alogy.com.br/calculadora-placa-orificio-restricao.html,"index,follow",https://www.alogy.com.br/calculadora-placa-orificio-restricao.html,false,true,673,1,unclassified,,,,classify
calculadora-placa-orificio-vazao-dp.html,https://www.alogy.com.br/calculadora-placa-orificio-vazao-dp.html,"index,follow",https://www.alogy.com.br/calculadora-placa-orificio-vazao-dp.html,false,true,457,1,unclassified,,,,classify
calculadora-ponto-orvalho-ar-comprimido.html,https://www.alogy.com.br/calculadora-ponto-orvalho-ar-comprimido.html,"index,follow",https://www.alogy.com.br/calculadora-ponto-orvalho-ar-comprimido.html,false,true,668,1,unclassified,,,,classify
calculadora-potencia-bomba.html,https://www.alogy.com.br/calculadora-potencia-bomba.html,"index,follow",https://www.alogy.com.br/calculadora-potencia-bomba.html,false,true,344,1,unclassified,,,,classify
calculadora-potencia-exaustor-ventilador.html,https://www.alogy.com.br/calculadora-potencia-exaustor-ventilador.html,"index,follow",https://www.alogy.com.br/calculadora-potencia-exaustor-ventilador.html,false,true,658,1,unclassified,,,,classify
calculadora-ppm-mg-m3-gases.html,https://www.alogy.com.br/calculadora-ppm-mg-m3-gases.html,"index,follow",https://www.alogy.com.br/calculadora-ppm-mg-m3-gases.html,false,true,471,1,unclassified,,,,classify
calculadora-pressao-hidrostatica-densidade.html,https://www.alogy.com.br/calculadora-pressao-hidrostatica-densidade.html,"index,follow",https://www.alogy.com.br/calculadora-pressao-hidrostatica-densidade.html,false,true,330,1,unclassified,,,,classify
calculadora-pt100.html,https://www.alogy.com.br/calculadora-pt100.html,"index,follow",https://www.alogy.com.br/calculadora-pt100.html,true,true,937,1,manual-review,P0,high,"Usa coeficientes de Callendar–Van Dusen, inversão numérica, compensação orientativa de dois fios, hipóteses explícitas para três e quatro fios e exemplo correto de aproximadamente 138,505 Ω a 100 °C. Porém aplica as classes AA, A, B e C em toda a curva de −200 a 850 °C sem validar as faixas de validade por classe e construção, cita IEC 60751 sem link ou edição e gera memória preliminar para calibração e diagnóstico.","Manter inalterada e indexada por enquanto; exigir especialista em temperatura e metrologia para validar coeficientes, faixas de classe, PT100/PT500/PT1000, compensação de cabos, tolerância resistiva, referência normativa e linguagem de diagnóstico antes de qualquer edição de conteúdo ou JavaScript."
calculadora-queda-de-tensao.html,https://www.alogy.com.br/calculadora-queda-de-tensao.html,"index,follow",https://www.alogy.com.br/calculadora-queda-de-tensao.html,true,true,478,1,unclassified,,,,classify
calculadora-queda-tensao-24vcc.html,https://www.alogy.com.br/calculadora-queda-tensao-24vcc.html,"index,follow",https://www.alogy.com.br/calculadora-queda-tensao-24vcc.html,false,true,1026,1,unclassified,,,,classify
calculadora-queda-tensao-partida-motor.html,https://www.alogy.com.br/calculadora-queda-tensao-partida-motor.html,"index,follow",https://www.alogy.com.br/calculadora-queda-tensao-partida-motor.html,false,true,376,1,unclassified,,,,classify
calculadora-raiz-quadrada-4-20ma.html,https://www.alogy.com.br/calculadora-raiz-quadrada-4-20ma.html,"index,follow",https://www.alogy.com.br/calculadora-raiz-quadrada-4-20ma.html,false,true,703,1,unclassified,,,,classify
calculadora-resistor-shunt-sinal-instrumentacao.html,https://www.alogy.com.br/calculadora-resistor-shunt-sinal-instrumentacao.html,"index,follow",https://www.alogy.com.br/calculadora-resistor-shunt-sinal-instrumentacao.html,false,true,528,1,unclassified,,,,classify
calculadora-resolucao-clp-analogico.html,https://www.alogy.com.br/calculadora-resolucao-clp-analogico.html,"index,follow",https://www.alogy.com.br/calculadora-resolucao-clp-analogico.html,false,true,500,1,unclassified,,,,classify
calculadora-reynolds-regime-escoamento.html,https://www.alogy.com.br/calculadora-reynolds-regime-escoamento.html,"index,follow",https://www.alogy.com.br/calculadora-reynolds-regime-escoamento.html,false,true,399,1,unclassified,,,,classify
calculadora-roscas-industriais-conexoes.html,https://www.alogy.com.br/calculadora-roscas-industriais-conexoes.html,"index,follow",https://www.alogy.com.br/calculadora-roscas-industriais-conexoes.html,false,true,943,1,unclassified,,,,classify
calculadora-rotametro-correcao-vazao.html,https://www.alogy.com.br/calculadora-rotametro-correcao-vazao.html,"index,follow",https://www.alogy.com.br/calculadora-rotametro-correcao-vazao.html,false,true,525,1,unclassified,,,,classify
calculadora-secao-barramento-cobre.html,https://www.alogy.com.br/calculadora-secao-barramento-cobre.html,"index,follow",https://www.alogy.com.br/calculadora-secao-barramento-cobre.html,false,true,372,1,unclassified,,,,classify
calculadora-selo-remoto-capilar-dp.html,https://www.alogy.com.br/calculadora-selo-remoto-capilar-dp.html,"index,follow",https://www.alogy.com.br/calculadora-selo-remoto-capilar-dp.html,false,true,625,1,unclassified,,,,classify
calculadora-sil-pfd-didatica.html,https://www.alogy.com.br/calculadora-sil-pfd-didatica.html,"noindex,nofollow,noarchive",https://www.alogy.com.br/calculadora-sil-pfd-didatica.html,false,false,93,1,unclassified,,,,classify
calculadora-sinal-pneumatico-3-15psi.html,https://www.alogy.com.br/calculadora-sinal-pneumatico-3-15psi.html,"index,follow",https://www.alogy.com.br/calculadora-sinal-pneumatico-3-15psi.html,false,true,864,1,unclassified,,,,classify
calculadora-sintonia-pid.html,https://www.alogy.com.br/calculadora-sintonia-pid.html,"index,follow",https://www.alogy.com.br/calculadora-sintonia-pid.html,false,true,488,1,unclassified,,,,classify
calculadora-slip-motor-inducao.html,https://www.alogy.com.br/calculadora-slip-motor-inducao.html,"index,follow",https://www.alogy.com.br/calculadora-slip-motor-inducao.html,false,true,409,1,unclassified,,,,classify
calculadora-slope-sonda-ph.html,https://www.alogy.com.br/calculadora-slope-sonda-ph.html,"index,follow",https://www.alogy.com.br/calculadora-slope-sonda-ph.html,false,true,572,1,unclassified,,,,classify
calculadora-solenoide-atuador-pneumatico.html,https://www.alogy.com.br/calculadora-solenoide-atuador-pneumatico.html,"index,follow",https://www.alogy.com.br/calculadora-solenoide-atuador-pneumatico.html,false,true,433,1,unclassified,,,,classify
calculadora-split-range-4-20ma.html,https://www.alogy.com.br/calculadora-split-range-4-20ma.html,"index,follow",https://www.alogy.com.br/calculadora-split-range-4-20ma.html,false,true,871,1,unclassified,,,,classify
calculadora-taxa-corrosao-vida-remanescente.html,https://www.alogy.com.br/calculadora-taxa-corrosao-vida-remanescente.html,"noindex,nofollow,noarchive",https://www.alogy.com.br/calculadora-taxa-corrosao-vida-remanescente.html,false,false,94,1,unclassified,,,,classify
calculadora-temperatura-industrial.html,https://www.alogy.com.br/calculadora-temperatura-industrial.html,"index,follow",https://www.alogy.com.br/calculadora-temperatura-industrial.html,true,true,582,1,unclassified,,,,classify
calculadora-tempo-aceleracao-motor-inercia.html,https://www.alogy.com.br/calculadora-tempo-aceleracao-motor-inercia.html,"index,follow",https://www.alogy.com.br/calculadora-tempo-aceleracao-motor-inercia.html,false,true,368,1,unclassified,,,,classify
calculadora-tempo-amostragem-analisador.html,https://www.alogy.com.br/calculadora-tempo-amostragem-analisador.html,"index,follow",https://www.alogy.com.br/calculadora-tempo-amostragem-analisador.html,false,true,491,1,unclassified,,,,classify
calculadora-tempo-atuacao-valvula.html,https://www.alogy.com.br/calculadora-tempo-atuacao-valvula.html,"index,follow",https://www.alogy.com.br/calculadora-tempo-atuacao-valvula.html,false,true,425,1,unclassified,,,,classify
calculadora-tempo-descarga-capacitor.html,https://www.alogy.com.br/calculadora-tempo-descarga-capacitor.html,"index,follow",https://www.alogy.com.br/calculadora-tempo-descarga-capacitor.html,false,true,428,1,unclassified,,,,classify
calculadora-tempo-enchimento-tanque.html,https://www.alogy.com.br/calculadora-tempo-enchimento-tanque.html,"index,follow",https://www.alogy.com.br/calculadora-tempo-enchimento-tanque.html,false,true,354,1,unclassified,,,,classify
calculadora-tempo-resposta-malha-controle.html,https://www.alogy.com.br/calculadora-tempo-resposta-malha-controle.html,"index,follow",https://www.alogy.com.br/calculadora-tempo-resposta-malha-controle.html,false,true,690,1,unclassified,,,,classify
calculadora-tempo-transmissao-serial-industrial.html,https://www.alogy.com.br/calculadora-tempo-transmissao-serial-industrial.html,"index,follow",https://www.alogy.com.br/calculadora-tempo-transmissao-serial-industrial.html,false,true,469,1,unclassified,,,,classify
calculadora-tempo-varredura-modbus-rtu.html,https://www.alogy.com.br/calculadora-tempo-varredura-modbus-rtu.html,"index,follow",https://www.alogy.com.br/calculadora-tempo-varredura-modbus-rtu.html,false,true,910,1,unclassified,,,,classify
calculadora-termopar.html,https://www.alogy.com.br/calculadora-termopar.html,"index,follow",https://www.alogy.com.br/calculadora-termopar.html,true,true,1166,1,manual-review,P0,high,"Abrange tipos J, K, T, E, N, R, S e B, compensação de junta fria, polaridade, cores, limites e memória de cálculo, com avisos claros de uso orientativo. Contudo converte por interpolação linear em tabelas reduzidas com intervalos de até 110 °C, cita IEC 60584-1 e padrões de cores sem links ou edições e pode apoiar calibração e diagnóstico de campo.","Manter inalterada e indexada por enquanto; exigir especialista em termometria para validar tabelas e polinômios, precisão da interpolação, junta fria, faixas por tipo, cores IEC/ANSI, referências e alertas antes de qualquer edição de conteúdo, dados ou JavaScript."
calculadora-termopoco-tempo-resposta.html,https://www.alogy.com.br/calculadora-termopoco-tempo-resposta.html,"index,follow",https://www.alogy.com.br/calculadora-termopoco-tempo-resposta.html,false,true,526,1,unclassified,,,,classify
calculadora-termopoco-wake-frequency.html,https://www.alogy.com.br/calculadora-termopoco-wake-frequency.html,"noindex,nofollow,noarchive",https://www.alogy.com.br/calculadora-termopoco-wake-frequency.html,false,false,92,1,unclassified,,,,classify
calculadora-thd-distorcao-harmonica.html,https://www.alogy.com.br/calculadora-thd-distorcao-harmonica.html,"index,follow",https://www.alogy.com.br/calculadora-thd-distorcao-harmonica.html,false,true,300,1,unclassified,,,,classify
calculadora-tubo-pneumatico-instrumentacao.html,https://www.alogy.com.br/calculadora-tubo-pneumatico-instrumentacao.html,"index,follow",https://www.alogy.com.br/calculadora-tubo-pneumatico-instrumentacao.html,false,true,472,1,unclassified,,,,classify
calculadora-ups-automacao-clp-instrumentos.html,https://www.alogy.com.br/calculadora-ups-automacao-clp-instrumentos.html,"index,follow",https://www.alogy.com.br/calculadora-ups-automacao-clp-instrumentos.html,false,true,842,1,unclassified,,,,classify
calculadora-vazao-normalizada-gases.html,https://www.alogy.com.br/calculadora-vazao-normalizada-gases.html,"index,follow",https://www.alogy.com.br/calculadora-vazao-normalizada-gases.html,false,true,947,1,unclassified,,,,classify
calculadora-vazao-pressao-diferencial.html,https://www.alogy.com.br/calculadora-vazao-pressao-diferencial.html,"index,follow",https://www.alogy.com.br/calculadora-vazao-pressao-diferencial.html,false,true,772,1,unclassified,,,,classify
calculadora-vazao-velocidade-diametro.html,https://www.alogy.com.br/calculadora-vazao-velocidade-diametro.html,"index,follow",https://www.alogy.com.br/calculadora-vazao-velocidade-diametro.html,false,true,408,1,unclassified,,,,classify
calculadora-vazao-vertedouro-canaleta.html,https://www.alogy.com.br/calculadora-vazao-vertedouro-canaleta.html,"index,follow",https://www.alogy.com.br/calculadora-vazao-vertedouro-canaleta.html,false,true,374,1,unclassified,,,,classify
calculadora-ventilacao-painel-eletrico.html,https://www.alogy.com.br/calculadora-ventilacao-painel-eletrico.html,"index,follow",https://www.alogy.com.br/calculadora-ventilacao-painel-eletrico.html,false,true,464,1,unclassified,,,,classify
calculadora-volume-cilindro-horizontal-nivel.html,https://www.alogy.com.br/calculadora-volume-cilindro-horizontal-nivel.html,"index,follow",https://www.alogy.com.br/calculadora-volume-cilindro-horizontal-nivel.html,false,true,365,1,unclassified,,,,classify
calculadora-volume-tanque-vertical-horizontal.html,https://www.alogy.com.br/calculadora-volume-tanque-vertical-horizontal.html,"index,follow",https://www.alogy.com.br/calculadora-volume-tanque-vertical-horizontal.html,false,true,852,1,unclassified,,,,classify
calculadora-volume-tanque.html,https://www.alogy.com.br/calculadora-volume-tanque.html,"index,follow",https://www.alogy.com.br/calculadora-volume-tanque.html,false,true,764,1,unclassified,,,,classify
cases.html,https://www.alogy.com.br/cases.html,"index,follow",https://www.alogy.com.br/cases.html,false,true,294,1,manual-review,P0,high,"Portfólio contém locais, marcas, tecnologias, descrição de processos e alegações de resultados; antes de ampliar ou reutilizar como prova, é necessário confirmar veracidade, autorização e nível seguro de divulgação.","Manter sem edição automática; validar com o usuário cada case e seus direitos de divulgação. Não usar os PDFs anexados nem extrair deles nomes, tags, layouts, valores ou imagens."
checklist-calibracao-analisadores-processo.html,https://www.alogy.com.br/checklist-calibracao-analisadores-processo.html,"index,follow",https://www.alogy.com.br/checklist-calibracao-analisadores-processo.html,false,true,536,1,unclassified,,,,classify
checklist-comissionamento-hart.html,https://www.alogy.com.br/checklist-comissionamento-hart.html,"index,follow",https://www.alogy.com.br/checklist-comissionamento-hart.html,true,true,576,1,manual-review,P0,high,"O checklist interativo contém 18 verificações úteis e ressalvas de segurança, mas não oferece links diretos às referências citadas e inclui orientação genérica de redes sobre baud rate, paridade e terminação sem delimitar sua aplicabilidade ao contexto HART. Como orienta comissionamento em campo, requer validação técnica humana antes de qualquer edição.","Manter inalterado e indexado por enquanto; submeter conteúdo, itens do checklist e referências a especialista em HART e segurança operacional, remover ou delimitar orientações genéricas somente após validação e adicionar revisão pessoal confirmada."
checklist-comissionamento-industrial.html,https://www.alogy.com.br/checklist-comissionamento-industrial.html,"index,follow",https://www.alogy.com.br/checklist-comissionamento-industrial.html,false,true,721,1,unclassified,,,,classify
checklist-fat-sat-instrumentacao.html,https://www.alogy.com.br/checklist-fat-sat-instrumentacao.html,"index,follow",https://www.alogy.com.br/checklist-fat-sat-instrumentacao.html,false,true,419,1,unclassified,,,,classify
checklist-inspecao-instrumentos-area-classificada.html,https://www.alogy.com.br/checklist-inspecao-instrumentos-area-classificada.html,"noindex,nofollow,noarchive",https://www.alogy.com.br/checklist-inspecao-instrumentos-area-classificada.html,false,false,93,1,unclassified,,,,classify
checklist-manutencao-preventiva-instrumentos.html,https://www.alogy.com.br/checklist-manutencao-preventiva-instrumentos.html,"index,follow",https://www.alogy.com.br/checklist-manutencao-preventiva-instrumentos.html,false,true,748,1,unclassified,,,,classify
checklist-montagem-instrumentos-campo.html,https://www.alogy.com.br/checklist-montagem-instrumentos-campo.html,"index,follow",https://www.alogy.com.br/checklist-montagem-instrumentos-campo.html,false,true,760,1,unclassified,,,,classify
checklist-nova-nr10.html,https://www.alogy.com.br/checklist-nova-nr10.html,"noindex,nofollow,noarchive",https://www.alogy.com.br/checklist-nova-nr10.html,false,false,86,1,unclassified,,,,classify
checklist-nr12.html,https://www.alogy.com.br/checklist-nr12.html,"noindex,nofollow,noarchive",https://www.alogy.com.br/checklist-nr12.html,false,false,80,1,unclassified,,,,classify
checklist-painel-eletrico-industrial.html,https://www.alogy.com.br/checklist-painel-eletrico-industrial.html,"index,follow",https://www.alogy.com.br/checklist-painel-eletrico-industrial.html,false,true,717,1,unclassified,,,,classify
checklist-partida-motor-inversor.html,https://www.alogy.com.br/checklist-partida-motor-inversor.html,"index,follow",https://www.alogy.com.br/checklist-partida-motor-inversor.html,false,true,728,1,unclassified,,,,classify
checklist-teste-de-loop.html,https://www.alogy.com.br/checklist-teste-de-loop.html,"index,follow",https://www.alogy.com.br/checklist-teste-de-loop.html,true,true,773,1,manual-review,P0,high,"Checklist interativo com 12 itens, pontos 4–20 mA corretos, resumo de não conformidades e alertas claros de autorização, bloqueios, análise de risco e de que 100% avaliado não significa aprovação. Porém abrange alarmes, intertravamentos, saídas e liberação operacional, usa apenas uma referência comercial da Fluke e permite 100% de progresso mesmo quando todos os itens forem marcados como não aplicáveis; a autoria é apenas organizacional.","Manter inalterado e indexado por enquanto; exigir revisão de especialista em comissionamento e segurança funcional para validar escopo por tipo de sinal, itens obrigatórios, uso de não aplicável, evidências, alarmes, intertravamentos, critérios de liberação e referências antes de qualquer edição de conteúdo ou JavaScript."
conversor-grau-protecao-ip-nema.html,https://www.alogy.com.br/conversor-grau-protecao-ip-nema.html,"index,follow",https://www.alogy.com.br/conversor-grau-protecao-ip-nema.html,false,true,473,1,unclassified,,,,classify
conversor-unidades-industriais.html,https://www.alogy.com.br/conversor-unidades-industriais.html,"index,follow",https://www.alogy.com.br/conversor-unidades-industriais.html,false,true,725,1,unclassified,,,,classify
cursos/index.html,https://www.alogy.com.br/cursos/,"noindex,follow",https://www.alogy.com.br/guia/,false,false,27,1,unclassified,,,,classify
cursos.html,https://www.alogy.com.br/cursos.html,"noindex,follow",https://www.alogy.com.br/guia/,false,false,27,1,redirect,P2,high,"Rota legada noindex,follow com canonical e redirecionamento para /guia/.",Preservar como compatibilidade histórica; substituir links internos por /guia/ e rótulo Guia.
ferramentas-analitica-industrial.html,https://www.alogy.com.br/ferramentas-analitica-industrial.html,"index,follow",https://www.alogy.com.br/ferramentas-analitica-industrial.html,true,true,450,1,improve,P0,high,"Hub focado em analítica, com 17 ferramentas, aviso orientativo e agrupamento por pH/ORP, condutividade, dosagem e analisadores. Todas as 17 ferramentas também aparecem em ferramentas.html, e o valor editorial próprio é principalmente uma introdução curta e os mesmos cartões descritivos do diretório principal.","Manter indexado; preservar a intenção de analítica, mas reduzir cartões duplicados e acrescentar roteiro próprio por tarefa, limites de seleção, dependências entre medição, amostragem e calibração e critérios de encaminhamento, sem inventar normas ou experiência."
ferramentas-automacao-clp.html,https://www.alogy.com.br/ferramentas-automacao-clp.html,"index,follow",https://www.alogy.com.br/ferramentas-automacao-clp.html,true,true,495,1,improve,P0,high,"Hub de automação com 33 ferramentas, aviso orientativo e agrupamento útil de redes, CLP, 4–20 mA, UPS e partidas. As 33 ferramentas estão integralmente no diretório principal, há 19 itens compartilhados com o hub de instrumentação e a afirmação de revisão técnica não possui revisor pessoal confirmado.","Manter indexado; transformar a página em trilhas próprias por diagnóstico, projeto e comissionamento, reduzir cópia dos cartões do diretório principal e validar ou remover a alegação de revisão técnica somente após confirmação humana."
ferramentas-calibracao-instrumentacao.html,https://www.alogy.com.br/ferramentas-calibracao-instrumentacao.html,"index,follow",https://www.alogy.com.br/ferramentas-calibracao-instrumentacao.html,true,true,595,1,improve,P0,high,"Hub de calibração com 30 ferramentas, rotas por objetivo e aviso sobre procedimento, rastreabilidade e incerteza. Todas as 30 ferramentas aparecem tanto no diretório principal quanto no hub amplo de instrumentação, e a alegação de revisão técnica não tem revisor pessoal confirmado.","Manter indexado; preservar as rotas por objetivo, substituir a listagem repetida por orientação exclusiva sobre escolha do método e decisão metrológica e validar a alegação de revisão técnica antes de qualquer edição editorial."
ferramentas-eletrica-industrial.html,https://www.alogy.com.br/ferramentas-eletrica-industrial.html,"index,follow",https://www.alogy.com.br/ferramentas-eletrica-industrial.html,true,true,487,1,improve,P0,high,"Hub elétrico com 36 ferramentas, aviso orientativo e recorte coerente de painéis, motores, cabos, proteção e energia. As 36 ferramentas já constam no diretório principal e grande parte do conteúdo é reprodução de cartões; não há fontes externas nem guia próprio de seleção por risco ou etapa de trabalho.","Manter indexado; preservar o recorte elétrico, reduzir descrições repetidas e acrescentar navegação decisória original por diagnóstico, pré-dimensionamento e segurança, com limites e referências somente após validação técnica."
ferramentas-instrumentacao-industrial.html,https://www.alogy.com.br/ferramentas-instrumentacao-industrial.html,"index,follow",https://www.alogy.com.br/ferramentas-instrumentacao-industrial.html,true,true,508,1,improve,P0,high,"Hub amplo de instrumentação com 91 ferramentas e aviso orientativo. Todos os 91 destinos já aparecem em ferramentas.html; ele também contém integralmente as 30 ferramentas do hub de calibração e compartilha itens com analítica e automação, tornando a página extensa e fortemente sobreposta.","Manter indexado; redefinir a função como mapa de decisão de instrumentação, priorizar poucas trilhas e ferramentas principais e remeter às subcategorias, reduzindo a repetição integral dos cartões do diretório principal."
ferramentas-processo-vazao-nivel.html,https://www.alogy.com.br/ferramentas-processo-vazao-nivel.html,"index,follow",https://www.alogy.com.br/ferramentas-processo-vazao-nivel.html,true,true,810,1,improve,P0,high,"Hub de processo e utilidades com 112 ferramentas, aviso orientativo e recorte de vazão, nível, tanques, energia e fluidos. Todos os destinos já aparecem no diretório principal, 47 também estão no hub de manutenção e a alegação de revisão técnica não possui revisor pessoal confirmado; o catálogo é quase metade do diretório geral.","Manter indexado; converter o hub em trilhas próprias por variável e problema de processo, reduzir a listagem duplicada, preservar alertas de uso preliminar e validar a alegação de revisão técnica antes de editar."
ferramentas.html,https://www.alogy.com.br/ferramentas.html,"index,follow",https://www.alogy.com.br/ferramentas.html,true,true,773,1,keep,P1,high,"Diretório central com busca, navegação por categoria, aviso orientativo e 222 links únicos para calculadoras, checklists, conversores e geradores. É a fonte agregadora de todas as ferramentas presentes nos sete sub-hubs e oferece função própria de descoberta geral; a autoria permanece apenas organizacional.","Manter indexado como diretório principal; preservar busca, categorias, aviso orientativo e links, evitar ampliar ainda mais descrições repetidas e adicionar autoria ou revisão técnica pessoal somente após confirmação humana."
gerador-folha-dados-instrumento.html,https://www.alogy.com.br/gerador-folha-dados-instrumento.html,"index,follow",https://www.alogy.com.br/gerador-folha-dados-instrumento.html,false,true,415,1,unclassified,,,,classify
google00ce371ffda114a1.html,https://www.alogy.com.br/google00ce371ffda114a1.html,,,false,false,3,0,verification,P2,high,Arquivo de verificação de propriedade Google; não é conteúdo editorial.,Preservar enquanto necessário à verificação; não incluir em sitemap nem avaliar como página editorial.
guia/index.html,https://www.alogy.com.br/guia/,"index,follow,max-image-preview:large,max-snippet:-1,max-video-preview:-1",https://www.alogy.com.br/guia/,false,true,1327,1,unclassified,,,,classify
index.html,https://www.alogy.com.br/,"index,follow,max-image-preview:large",https://www.alogy.com.br/,false,true,310,1,improve,P0,high,"Homepage indexável e monetizada; mensagem institucional genérica; não apresenta responsável técnico, método de trabalho comprovável nem evidências suficientes de experiência; deve reforçar confiança e orientar para o núcleo técnico.","Manter indexada; propor no piloto identidade empresarial verificável, método, provas permitidas e ligações claras com serviços e conteúdo técnico."
industrial.html,https://www.alogy.com.br/industrial.html,"index,follow",https://www.alogy.com.br/industrial.html,false,true,401,1,improve,P0,high,"Página central de serviços com escopos amplos e pouca demonstração de entregáveis, limites, metodologia e experiência; afirma adequações NR10 e NR12 que exigem redação verificável.","Manter indexada; detalhar escopo, entregáveis, processo, limites e evidências permitidas, submetendo afirmações normativas e técnicas à revisão humana."
politica-de-privacidade.html,https://www.alogy.com.br/politica-de-privacidade.html,"index,follow",https://www.alogy.com.br/politica-de-privacidade.html,false,true,791,1,unclassified,,,,classify
residencial.html,https://www.alogy.com.br/residencial.html,"noindex,follow",https://www.alogy.com.br/industrial.html,false,false,25,1,redirect,P2,high,"Rota legada consolidada na página de Serviços: noindex,follow, canonical e redirecionamento para industrial.html; removida do sitemap e da navegação pública.",Preservar apenas como redirecionamento legado enquanto houver histórico de acesso; não restaurar a frente ou o rótulo residencial.
sobre.html,https://www.alogy.com.br/sobre.html,"index,follow",https://www.alogy.com.br/sobre.html,false,true,230,1,improve,P0,high,"Página Sobre indexável com 159 palavras visíveis incluindo navegação; conteúdo genérico; não identifica pessoa responsável, formação, experiência, processo editorial ou revisão técnica.","Manter indexada; aguardar dados confirmados pelo usuário e então ampliar história, responsável, experiência, atuação e método editorial sem inventar credenciais."
termos-de-uso-ferramentas.html,https://www.alogy.com.br/termos-de-uso-ferramentas.html,"index,follow",https://www.alogy.com.br/termos-de-uso-ferramentas.html,false,true,579,1,unclassified,,,,classify
